Date;Crude;Open;High;Low;Vol.;Change
10/31/2023;75.80;75.80;75.80;75.80;;1.96%
10/30/2023;74.34;74.34;74.34;74.34;;-0.63%
10/27/2023;74.81;74.81;74.81;74.81;;-0.52%
10/26/2023;75.20;75.20;75.20;75.20;;1.03%
10/25/2023;74.43;74.43;74.43;74.43;;1.00%
10/24/2023;73.69;73.69;73.69;73.69;;-7.24%
10/23/2023;79.44;79.44;79.44;79.44;;-1.85%
10/20/2023;80.94;80.94;80.94;80.94;;3.60%
10/19/2023;78.13;78.13;78.13;78.13;;0.54%
10/18/2023;77.71;77.71;77.71;77.71;;1.52%
10/17/2023;76.55;76.55;76.55;76.55;;-1.42%
10/16/2023;77.65;77.65;77.65;77.65;;-1.71%
10/13/2023;79.00;79.00;79.00;79.00;;5.28%
10/12/2023;75.04;75.04;75.04;75.04;;2.49%
10/11/2023;73.22;73.22;73.22;73.22;;-4.28%
10/10/2023;76.49;76.49;76.49;76.49;;-0.77%
10/09/2023;77.08;77.08;77.08;77.08;;4.63%
10/06/2023;73.67;73.67;73.67;73.67;;-1.42%
10/05/2023;74.73;74.73;74.73;74.73;;-3.95%
10/04/2023;77.80;77.80;77.80;77.80;;-3.45%
10/03/2023;80.58;80.58;80.58;80.58;;4.41%
10/02/2023;77.18;77.18;77.18;77.18;;-5.90%
09/29/2023;82.02;82.02;82.02;82.02;;-1.57%
09/28/2023;83.33;83.33;83.33;83.33;;-0.22%
09/27/2023;83.51;83.51;83.51;83.51;;6.83%
09/26/2023;78.17;78.17;78.17;78.17;;0.59%
09/25/2023;77.71;77.71;77.71;77.71;;-0.87%
09/22/2023;78.39;78.39;78.39;78.39;;-0.25%
09/21/2023;78.59;78.59;78.59;78.59;;-2.84%
09/20/2023;80.89;80.89;80.89;80.89;;0.00%
09/19/2023;80.89;80.89;80.89;80.89;;0.82%
09/18/2023;80.23;80.23;80.23;80.23;;1.20%
09/15/2023;79.28;79.28;79.28;79.28;;0.76%
09/14/2023;78.68;78.68;78.68;78.68;;1.96%
09/13/2023;77.17;77.17;77.17;77.17;;-0.72%
09/12/2023;77.73;77.73;77.73;77.73;;2.55%
09/11/2023;75.80;75.80;75.80;75.80;;-0.32%
09/08/2023;76.04;76.04;76.04;76.04;;0.52%
09/07/2023;75.65;75.65;75.65;75.65;;0.49%
09/06/2023;75.28;75.28;75.28;75.28;;-0.73%
09/05/2023;75.83;75.83;75.83;75.83;;2.06%
09/04/2023;74.30;74.30;74.30;74.30;;1.42%
09/01/2023;73.26;73.26;73.26;73.26;;3.01%
08/31/2023;71.12;71.12;71.12;71.12;;1.77%
08/30/2023;69.88;69.88;69.88;69.88;;0.11%
08/29/2023;69.80;69.80;69.80;69.80;;1.01%
08/28/2023;69.10;69.10;69.10;69.10;;0.00%
08/25/2023;69.10;69.10;69.10;69.10;;1.83%
08/24/2023;67.86;67.86;67.86;67.86;;-0.18%
08/23/2023;67.98;67.98;67.98;67.98;;-1.31%
08/22/2023;68.88;68.88;68.88;68.88;;-1.80%
08/21/2023;70.14;70.14;70.14;70.14;;0.86%
08/18/2023;69.54;69.54;69.54;69.54;;-1.84%
08/17/2023;70.84;70.84;70.84;70.84;;-0.13%
08/16/2023;70.93;70.93;70.93;70.93;;-0.30%
08/15/2023;71.14;71.14;71.14;71.14;;-2.05%
08/14/2023;72.63;72.63;72.63;72.63;;-0.75%
08/11/2023;73.18;73.18;73.18;73.18;;0.05%
08/10/2023;73.14;73.14;73.14;73.14;;-0.80%
08/09/2023;73.73;73.73;73.73;73.73;;2.69%
08/08/2023;71.80;71.80;71.80;71.80;;0.55%
08/07/2023;71.41;71.41;71.41;71.41;;-0.90%
08/04/2023;72.06;72.06;72.06;72.06;;1.77%
08/03/2023;70.81;70.81;70.81;70.81;;2.56%
08/02/2023;69.04;69.04;69.04;69.04;;-1.69%
08/01/2023;70.23;70.23;70.23;70.23;;0.00%
07/31/2023;70.23;70.23;70.23;70.23;;2.38%
07/28/2023;68.60;68.60;68.60;68.60;;-0.65%
07/27/2023;69.05;69.05;69.05;69.05;;0.38%
07/26/2023;68.79;68.79;68.79;68.79;;1.46%
07/25/2023;67.80;67.80;67.80;67.80;;0.58%
07/24/2023;67.41;67.41;67.41;67.41;;3.04%
07/21/2023;65.42;65.42;65.42;65.42;;1.76%
07/20/2023;64.29;64.29;64.29;64.29;;-1.70%
07/19/2023;65.40;65.40;65.40;65.40;;4.51%
07/18/2023;62.58;62.58;62.58;62.58;;1.74%
07/17/2023;61.51;61.51;61.51;61.51;;-2.75%
07/14/2023;63.25;63.25;63.25;63.25;;-0.53%
07/13/2023;63.59;63.59;63.59;63.59;;0.57%
07/12/2023;63.23;63.23;63.23;63.23;;1.57%
07/11/2023;62.25;62.25;62.25;62.25;;1.17%
07/10/2023;61.53;61.53;61.53;61.53;;1.20%
07/07/2023;60.80;60.80;60.80;60.80;;3.95%
07/06/2023;58.49;58.49;58.49;58.49;;-1.91%
07/05/2023;59.63;59.63;59.63;59.63;;0.76%
07/04/2023;59.18;59.18;59.18;59.18;;0.97%
07/03/2023;58.61;58.61;58.61;58.61;;1.98%
06/30/2023;57.47;57.47;57.47;57.47;;2.37%
06/29/2023;56.14;56.14;56.14;56.14;;-0.46%
06/28/2023;56.40;56.40;56.40;56.40;;2.34%
06/27/2023;55.11;55.11;55.11;55.11;;-1.13%
06/26/2023;55.74;55.74;55.74;55.74;;0.70%
06/23/2023;55.35;55.35;55.35;55.35;;-1.28%
06/22/2023;56.07;56.07;56.07;56.07;;-4.58%
06/21/2023;58.76;58.76;58.76;58.76;;3.18%
06/20/2023;56.95;56.95;56.95;56.95;;-1.96%
06/19/2023;58.09;58.09;58.09;58.09;;0.45%
06/16/2023;57.83;57.83;57.83;57.83;;1.56%
06/15/2023;56.94;56.94;56.94;56.94;;3.19%
06/14/2023;55.18;55.18;55.18;55.18;;0.13%
06/13/2023;55.11;55.11;55.11;55.11;;2.82%
06/12/2023;53.60;53.60;53.60;53.60;;-6.13%
06/09/2023;57.10;57.10;57.10;57.10;;-0.10%
06/08/2023;57.16;57.16;57.16;57.16;;-1.79%
06/07/2023;58.20;58.20;58.20;58.20;;1.52%
06/06/2023;57.33;57.33;57.33;57.33;;-1.61%
06/05/2023;58.27;58.27;58.27;58.27;;2.71%
06/02/2023;56.73;56.73;56.73;56.73;;2.31%
06/01/2023;55.45;55.45;55.45;55.45;;3.45%
05/31/2023;53.60;53.60;53.60;53.60;;-2.72%
05/30/2023;55.10;55.10;55.10;55.10;;-3.96%
05/29/2023;57.37;57.37;57.37;57.37;;0.00%
05/26/2023;57.37;57.37;57.37;57.37;;1.40%
05/25/2023;56.58;56.58;56.58;56.58;;-3.68%
05/24/2023;58.74;58.74;58.74;58.74;;1.35%
05/23/2023;57.96;57.96;57.96;57.96;;2.08%
05/22/2023;56.78;56.78;56.78;56.78;;0.53%
05/19/2023;56.48;56.48;56.48;56.48;;-0.67%
05/18/2023;56.86;56.86;56.86;56.86;;-0.46%
05/17/2023;57.12;57.12;57.12;57.12;;1.69%
05/16/2023;56.17;56.17;56.17;56.17;;-0.51%
05/15/2023;56.46;56.46;56.46;56.46;;0.75%
05/12/2023;56.04;56.04;56.04;56.04;;-1.72%
05/11/2023;57.02;57.02;57.02;57.02;;-1.94%
05/10/2023;58.15;58.15;58.15;58.15;;2.94%
05/09/2023;56.49;56.49;56.49;56.49;;-3.49%
05/08/2023;58.53;58.53;58.53;58.53;;3.45%
05/05/2023;56.58;56.58;56.58;56.58;;4.68%
05/04/2023;54.05;54.05;54.05;54.05;;0.95%
05/03/2023;53.54;53.54;53.54;53.54;;-7.91%
05/02/2023;58.14;58.14;58.14;58.14;;-6.53%
05/01/2023;62.20;62.20;62.20;62.20;;0.00%
04/28/2023;62.20;62.20;62.20;62.20;;4.03%
04/27/2023;59.79;59.79;59.79;59.79;;-3.32%
04/26/2023;61.84;61.84;61.84;61.84;;-0.45%
04/25/2023;62.12;62.12;62.12;62.12;;-2.83%
04/24/2023;63.93;63.93;63.93;63.93;;0.92%
04/21/2023;63.35;63.35;63.35;63.35;;-0.08%
04/20/2023;63.40;63.40;63.40;63.40;;-3.90%
04/19/2023;65.97;65.97;65.97;65.97;;0.41%
04/18/2023;65.70;65.70;65.70;65.70;;-0.14%
04/17/2023;65.79;65.79;65.79;65.79;;-2.43%
04/14/2023;67.43;67.43;67.43;67.43;;0.18%
04/13/2023;67.31;67.31;67.31;67.31;;-1.19%
04/12/2023;68.12;68.12;68.12;68.12;;2.17%
04/11/2023;66.67;66.67;66.67;66.67;;0.53%
04/07/2023;66.32;66.32;66.32;66.32;;0.00%
04/06/2023;66.32;66.32;66.32;66.32;;1.25%
04/05/2023;65.50;65.50;65.50;65.50;;1.90%
04/04/2023;64.28;64.28;64.28;64.28;;-0.57%
04/03/2023;64.65;64.65;64.65;64.65;;10.51%
03/31/2023;58.50;58.50;58.50;58.50;;1.83%
03/30/2023;57.45;57.45;57.45;57.45;;0.31%
03/29/2023;57.27;57.27;57.27;57.27;;0.60%
03/28/2023;56.93;56.93;56.93;56.93;;9.38%
03/27/2023;52.05;52.05;52.05;52.05;;4.25%
03/24/2023;49.93;49.93;49.93;49.93;;-5.18%
03/23/2023;52.66;52.66;52.66;52.66;;-0.09%
03/22/2023;52.71;52.71;52.71;52.71;;2.91%
03/21/2023;51.22;51.22;51.22;51.22;;5.80%
03/20/2023;48.41;48.41;48.41;48.41;;-0.94%
03/17/2023;48.87;48.87;48.87;48.87;;-2.04%
03/16/2023;49.89;49.89;49.89;49.89;;1.92%
03/15/2023;48.95;48.95;48.95;48.95;;-12.23%
03/14/2023;55.77;55.77;55.77;55.77;;-3.76%
03/13/2023;57.95;57.95;57.95;57.95;;-2.11%
03/10/2023;59.20;59.20;59.20;59.20;;-0.67%
03/09/2023;59.60;59.60;59.60;59.60;;0.91%
03/08/2023;59.06;59.06;59.06;59.06;;-2.94%
03/07/2023;60.85;60.85;60.85;60.85;;-2.84%
03/06/2023;62.63;62.63;62.63;62.63;;0.76%
03/03/2023;62.16;62.16;62.16;62.16;;1.37%
03/02/2023;61.32;61.32;61.32;61.32;;2.39%
03/01/2023;59.89;59.89;59.89;59.89;;-0.63%
02/28/2023;60.27;60.27;60.27;60.27;;11.12%
02/27/2023;54.24;54.24;54.24;54.24;;-1.09%
02/24/2023;54.84;54.84;54.84;54.84;;0.51%
02/23/2023;54.56;54.56;54.56;54.56;;2.50%
02/22/2023;53.23;53.23;53.23;53.23;;-3.52%
02/21/2023;55.17;55.17;55.17;55.17;;-0.22%
02/20/2023;55.29;55.29;55.29;55.29;;0.69%
02/17/2023;54.91;54.91;54.91;54.91;;-3.85%
02/16/2023;57.11;57.11;57.11;57.11;;1.80%
02/15/2023;56.10;56.10;56.10;56.10;;-2.72%
02/14/2023;57.67;57.67;57.67;57.67;;-1.40%
02/13/2023;58.49;58.49;58.49;58.49;;0.10%
02/10/2023;58.43;58.43;58.43;58.43;;4.28%
02/09/2023;56.03;56.03;56.03;56.03;;-0.11%
02/08/2023;56.09;56.09;56.09;56.09;;1.76%
02/07/2023;55.12;55.12;55.12;55.12;;4.75%
02/06/2023;52.62;52.62;52.62;52.62;;-1.86%
02/03/2023;53.62;53.62;53.62;53.62;;0.11%
02/02/2023;53.56;53.56;53.56;53.56;;-4.66%
02/01/2023;56.18;56.18;56.18;56.18;;0.23%
01/31/2023;56.05;56.05;56.05;56.05;;-2.71%
01/30/2023;57.61;57.61;57.61;57.61;;-1.47%
01/27/2023;58.47;58.47;58.47;58.47;;-1.60%
01/26/2023;59.42;59.42;59.42;59.42;;1.85%
01/25/2023;58.34;58.34;58.34;58.34;;-0.80%
01/24/2023;58.81;58.81;58.81;58.81;;-4.03%
01/23/2023;61.28;61.28;61.28;61.28;;3.43%
01/20/2023;59.25;59.25;59.25;59.25;;3.10%
01/19/2023;57.47;57.47;57.47;57.47;;-2.46%
01/18/2023;58.92;58.92;58.92;58.92;;3.62%
01/17/2023;56.86;56.86;56.86;56.86;;2.27%
01/16/2023;55.60;55.60;55.60;55.60;;-0.98%
01/13/2023;56.15;56.15;56.15;56.15;;0.48%
01/12/2023;55.88;55.88;55.88;55.88;;4.59%
01/11/2023;53.43;53.43;53.43;53.43;;4.64%
01/10/2023;51.06;51.06;51.06;51.06;;-2.67%
01/09/2023;52.46;52.46;52.46;52.46;;-0.21%
01/06/2023;52.57;52.57;52.57;52.57;;0.55%
01/05/2023;52.28;52.28;52.28;52.28;;3.46%
01/04/2023;50.53;50.53;50.53;50.53;;-10.58%
01/03/2023;56.51;56.51;56.51;56.51;;-4.19%
01/02/2023;58.98;58.98;58.98;58.98;;4.80%
12/30/2022;56.28;56.28;56.28;56.28;;0.97%
12/29/2022;55.74;55.74;55.74;55.74;;-0.13%
12/28/2022;55.81;55.81;55.81;55.81;;-2.07%
12/27/2022;56.99;56.99;56.99;56.99;;0.00%
12/26/2022;56.99;56.99;56.99;56.99;;0.00%
12/23/2022;56.99;56.99;56.99;56.99;;2.17%
12/22/2022;55.78;55.78;55.78;55.78;;2.40%
12/21/2022;54.47;54.47;54.47;54.47;;1.53%
12/20/2022;53.65;53.65;53.65;53.65;;-5.53%
12/19/2022;56.79;56.79;56.79;56.79;;3.61%
12/16/2022;54.81;54.81;54.81;54.81;;-4.33%
12/15/2022;57.29;57.29;57.29;57.29;;-1.77%
12/14/2022;58.32;58.32;58.32;58.32;;2.88%
12/13/2022;56.69;56.69;56.69;56.69;;3.52%
12/12/2022;54.76;54.76;54.76;54.76;;1.99%
12/09/2022;53.69;53.69;53.69;53.69;;1.84%
12/08/2022;52.72;52.72;52.72;52.72;;-3.99%
12/07/2022;54.91;54.91;54.91;54.91;;-4.12%
12/06/2022;57.27;57.27;57.27;57.27;;-7.54%
12/05/2022;61.94;61.94;61.94;61.94;;-2.99%
12/02/2022;63.85;63.85;63.85;63.85;;-8.06%
12/01/2022;69.45;69.45;69.45;69.45;;4.37%
11/30/2022;66.54;66.54;66.54;66.54;;3.32%
11/29/2022;64.40;64.40;64.40;64.40;;0.00%
11/28/2022;64.40;64.40;64.40;64.40;;-2.65%
11/25/2022;66.15;66.15;66.15;66.15;;-1.52%
11/24/2022;67.17;67.17;67.17;67.17;;0.24%
11/23/2022;67.01;67.01;67.01;67.01;;-5.30%
11/22/2022;70.76;70.76;70.76;70.76;;8.78%
11/21/2022;65.05;65.05;65.05;65.05;;-7.23%
11/18/2022;70.12;70.12;70.12;70.12;;-3.98%
11/17/2022;73.03;73.03;73.03;73.03;;-0.15%
11/16/2022;73.14;73.14;73.14;73.14;;-2.83%
11/15/2022;75.27;75.27;75.27;75.27;;-1.72%
11/14/2022;76.59;76.59;76.59;76.59;;-1.56%
11/11/2022;77.80;77.80;77.80;77.80;;2.60%
11/10/2022;75.83;75.83;75.83;75.83;;0.00%
11/09/2022;75.83;75.83;75.83;75.83;;-5.65%
11/08/2022;80.37;80.37;80.37;80.37;;-2.91%
11/07/2022;82.78;82.78;82.78;82.78;;3.45%
11/04/2022;80.02;80.02;80.02;80.02;;3.43%
11/03/2022;77.37;77.37;77.37;77.37;;-1.31%
11/02/2022;78.40;78.40;78.40;78.40;;2.18%
11/01/2022;76.73;76.73;76.73;76.73;;2.25%
10/31/2022;75.04;75.04;75.04;75.04;;-1.02%
10/28/2022;75.81;75.81;75.81;75.81;;0.01%
10/27/2022;75.80;75.80;75.80;75.80;;2.01%
10/26/2022;74.31;74.31;74.31;74.31;;1.60%
10/25/2022;73.14;73.14;73.14;73.14;;0.26%
10/24/2022;72.95;72.95;72.95;72.95;;0.52%
10/21/2022;72.57;72.57;72.57;72.57;;-2.16%
10/20/2022;74.17;74.17;74.17;74.17;;4.33%
10/19/2022;71.09;71.09;71.09;71.09;;1.67%
10/18/2022;69.92;69.92;69.92;69.92;;-3.65%
10/17/2022;72.57;72.57;72.57;72.57;;-2.51%
10/14/2022;74.44;74.44;74.44;74.44;;-1.94%
10/13/2022;75.91;75.91;75.91;75.91;;1.15%
10/12/2022;75.05;75.05;75.05;75.05;;-1.90%
10/11/2022;76.50;76.50;76.50;76.50;;-3.79%
10/10/2022;79.51;79.51;79.51;79.51;;-0.69%
10/07/2022;80.06;80.06;80.06;80.06;;4.10%
10/06/2022;76.91;76.91;76.91;76.91;;1.26%
10/05/2022;75.95;75.95;75.95;75.95;;0.85%
10/04/2022;75.31;75.31;75.31;75.31;;5.17%
10/03/2022;71.61;71.61;71.61;71.61;;1.72%
09/30/2022;70.40;70.40;70.40;70.40;;-0.87%
09/29/2022;71.02;71.02;71.02;71.02;;1.44%
09/28/2022;70.01;70.01;70.01;70.01;;3.92%
09/27/2022;67.37;67.37;67.37;67.37;;2.54%
09/26/2022;65.70;65.70;65.70;65.70;;-1.04%
09/23/2022;66.39;66.39;66.39;66.39;;-8.01%
09/22/2022;72.17;72.17;72.17;72.17;;1.48%
09/21/2022;71.12;71.12;71.12;71.12;;0.58%
09/20/2022;70.71;70.71;70.71;70.71;;-1.53%
09/19/2022;71.81;71.81;71.81;71.81;;0.00%
09/16/2022;71.81;71.81;71.81;71.81;;1.79%
09/15/2022;70.55;70.55;70.55;70.55;;-5.61%
09/14/2022;74.74;74.74;74.74;74.74;;2.33%
09/13/2022;73.04;73.04;73.04;73.04;;-3.10%
09/12/2022;75.38;75.38;75.38;75.38;;4.72%
09/09/2022;71.98;71.98;71.98;71.98;;3.15%
09/07/2022;69.78;69.78;69.78;69.78;;-4.59%
09/06/2022;73.14;73.14;73.14;73.14;;-3.75%
09/05/2022;75.99;75.99;75.99;75.99;;0.26%
09/02/2022;75.79;75.79;75.79;75.79;;2.39%
09/01/2022;74.02;74.02;74.02;74.02;;-5.27%
08/31/2022;78.14;78.14;78.14;78.14;;-4.06%
08/30/2022;81.45;81.45;81.45;81.45;;0.84%
08/29/2022;80.77;80.77;80.77;80.77;;0.00%
08/26/2022;80.77;80.77;80.77;80.77;;-1.44%
08/25/2022;81.95;81.95;81.95;81.95;;2.69%
08/24/2022;79.80;79.80;79.80;79.80;;-0.47%
08/23/2022;80.18;80.18;80.18;80.18;;7.12%
08/22/2022;74.85;74.85;74.85;74.85;;-4.12%
08/19/2022;78.07;0.00;0.00;0.00;;0.72%
08/18/2022;77.51;77.51;77.51;77.51;;-0.53%
08/17/2022;77.92;77.92;77.92;77.92;;16.16%
08/16/2022;67.08;67.08;67.08;67.08;;-1.58%
08/15/2022;68.16;68.16;68.16;68.16;;-8.53%
08/12/2022;74.52;74.52;74.52;74.52;;-3.85%
08/11/2022;77.50;77.50;77.50;77.50;;4.35%
08/10/2022;74.27;74.27;74.27;74.27;;-2.02%
08/09/2022;75.80;75.80;75.80;75.80;;1.85%
08/08/2022;74.42;74.42;74.42;74.42;;3.10%
08/05/2022;72.18;72.18;72.18;72.18;;4.79%
08/04/2022;68.88;68.88;68.88;68.88;;-7.84%
08/03/2022;74.74;74.74;74.74;74.74;;-3.44%
08/02/2022;77.40;77.40;77.40;77.40;;1.12%
08/01/2022;76.54;76.54;76.54;76.54;;-7.57%
07/29/2022;82.81;82.81;82.81;82.81;;1.81%
07/28/2022;81.34;81.34;81.34;81.34;;0.59%
07/27/2022;80.86;80.86;80.86;80.86;;1.81%
07/26/2022;79.42;79.42;79.42;79.42;;0.79%
07/25/2022;78.80;78.80;78.80;78.80;;-1.24%
07/22/2022;79.79;79.79;79.79;79.79;;-5.24%
07/21/2022;84.20;84.20;84.20;84.20;;-2.69%
07/20/2022;86.53;86.53;86.53;86.53;;2.61%
07/19/2022;84.33;84.33;84.33;84.33;;-4.19%
07/18/2022;88.02;88.02;88.02;88.02;;4.92%
07/15/2022;83.89;83.89;83.89;83.89;;11.27%
07/14/2022;75.39;75.39;75.39;75.39;;-3.52%
07/13/2022;78.14;78.14;78.14;78.14;;-1.36%
07/12/2022;79.22;79.22;79.22;79.22;;-6.96%
07/11/2022;85.15;85.15;85.15;85.15;;0.33%
07/08/2022;84.87;84.87;84.87;84.87;;-0.49%
07/07/2022;85.29;85.29;85.29;85.29;;6.93%
07/06/2022;79.76;79.76;79.76;79.76;;-2.11%
07/05/2022;81.48;81.48;81.48;81.48;;-12.26%
07/04/2022;92.87;92.87;92.87;92.87;;3.73%
07/01/2022;89.53;89.53;89.53;89.53;;-1.60%
06/30/2022;90.99;90.99;90.99;90.99;;-3.12%
06/29/2022;93.92;93.92;93.92;93.92;;1.71%
06/28/2022;92.34;92.34;92.34;92.34;;1.90%
06/27/2022;90.62;90.62;90.62;90.62;;1.59%
06/24/2022;89.20;89.20;89.20;89.20;;2.85%
06/23/2022;86.73;86.73;86.73;86.73;;1.06%
06/22/2022;85.82;85.82;85.82;85.82;;-4.25%
06/21/2022;89.63;89.63;89.63;89.63;;0.81%
06/20/2022;88.91;88.91;88.91;88.91;;-2.67%
06/17/2022;91.35;91.35;91.35;91.35;;-3.66%
06/16/2022;94.82;94.82;94.82;94.82;;-3.48%
06/15/2022;98.24;98.24;98.24;98.24;;-3.45%
06/14/2022;101.75;101.75;101.75;101.75;;3.82%
06/13/2022;98.01;98.01;98.01;98.01;;0.22%
06/10/2022;97.79;97.79;97.79;97.79;;-2.41%
06/09/2022;100.20;100.20;100.20;100.20;;0.98%
06/08/2022;99.23;99.23;99.23;99.23;;1.74%
06/07/2022;97.53;97.53;97.53;97.53;;1.66%
06/06/2022;95.94;95.94;95.94;95.94;;-0.82%
06/03/2022;96.73;96.73;96.73;96.73;;0.24%
06/02/2022;96.50;94.53;94.53;94.53;;2.08%
06/01/2022;94.53;94.53;94.53;94.53;;-3.57%
05/31/2022;98.03;98.03;98.03;98.03;;5.60%
05/30/2022;92.83;92.83;92.83;92.83;;2.29%
05/27/2022;90.75;90.75;90.75;90.75;;0.04%
05/26/2022;90.71;90.71;90.71;90.71;;4.11%
05/25/2022;87.13;87.13;87.13;87.13;;0.33%
05/24/2022;86.84;86.84;86.84;86.84;;0.82%
05/23/2022;86.13;86.13;86.13;86.13;;1.99%
05/20/2022;84.45;84.45;84.45;84.45;;2.71%
05/19/2022;82.22;82.22;82.22;82.22;;0.75%
05/18/2022;81.61;81.61;81.61;81.61;;-5.93%
05/17/2022;86.75;86.75;86.75;86.75;;3.11%
05/16/2022;84.13;84.13;84.13;84.13;;2.20%
05/13/2022;82.32;82.32;82.32;82.32;;3.31%
05/12/2022;79.68;79.68;79.68;79.68;;1.23%
05/11/2022;78.71;78.71;78.71;78.71;;4.61%
05/10/2022;75.24;75.24;75.24;75.24;;-3.64%
05/09/2022;78.08;78.08;78.08;78.08;;-8.90%
05/06/2022;85.71;85.71;85.71;85.71;;2.63%
05/05/2022;83.51;83.51;83.51;83.51;;4.47%
05/04/2022;79.94;79.94;79.94;79.94;;3.83%
05/03/2022;76.99;76.99;76.99;76.99;;-3.05%
05/02/2022;79.41;79.41;79.41;79.41;;0.00%
04/29/2022;79.41;79.41;79.41;79.41;;4.93%
04/28/2022;75.68;75.68;75.68;75.68;;3.13%
04/27/2022;73.38;73.38;73.38;73.38;;0.51%
04/26/2022;73.01;73.01;73.01;73.01;;7.51%
04/25/2022;67.91;67.91;67.91;67.91;;-11.11%
04/22/2022;76.40;76.40;76.40;76.40;;-2.06%
04/21/2022;78.01;78.01;78.01;78.01;;2.27%
04/20/2022;76.28;76.28;76.28;76.28;;-0.43%
04/19/2022;76.61;76.61;76.61;76.61;;-1.97%
04/18/2022;78.15;78.15;78.15;78.15;;0.00%
04/15/2022;78.15;78.15;78.15;78.15;;0.00%
04/14/2022;78.15;78.15;78.15;78.15;;0.79%
04/13/2022;77.54;77.54;77.54;77.54;;1.83%
04/12/2022;76.15;76.15;76.15;76.15;;9.52%
04/11/2022;69.53;69.53;69.53;69.53;;-1.92%
04/08/2022;70.89;70.89;70.89;70.89;;1.56%
04/07/2022;69.80;69.80;69.80;69.80;;-6.98%
04/06/2022;75.04;75.04;75.04;75.04;;-3.88%
04/05/2022;78.07;78.07;78.07;78.07;;-2.07%
04/04/2022;79.72;79.72;79.72;79.72;;-2.58%
04/01/2022;81.83;81.83;81.83;81.83;;-1.30%
03/31/2022;82.91;82.91;82.91;82.91;;-8.34%
03/30/2022;90.45;90.45;90.45;90.45;;4.06%
03/29/2022;86.92;86.92;86.92;86.92;;-3.68%
03/28/2022;90.24;90.24;90.24;90.24;;-7.74%
03/25/2022;97.81;97.81;97.81;97.81;;-2.08%
03/24/2022;99.89;99.89;99.89;99.89;;-1.89%
03/23/2022;101.81;101.81;101.81;101.81;;6.60%
03/22/2022;95.51;95.51;95.51;95.51;;0.22%
03/21/2022;95.30;95.30;95.30;95.30;;7.76%
03/18/2022;88.44;88.44;88.44;88.44;;0.76%
03/17/2022;87.77;87.77;87.77;87.77;;8.67%
03/16/2022;80.77;80.77;80.77;80.77;;-1.62%
03/15/2022;82.10;82.10;82.10;82.10;;-3.45%
03/14/2022;85.03;85.03;85.03;85.03;;-7.30%
03/11/2022;91.73;91.73;91.73;91.73;;-2.13%
03/10/2022;93.73;93.73;93.73;93.73;;-8.00%
03/09/2022;101.88;101.88;101.88;101.88;;-8.22%
03/08/2022;111.01;111.01;111.01;111.01;;5.49%
03/07/2022;105.23;105.23;105.23;105.23;;11.35%
03/04/2022;94.50;94.50;94.50;94.50;;-4.32%
03/03/2022;98.77;98.77;98.77;98.77;;-3.07%
03/02/2022;101.90;101.90;101.90;101.90;;3.67%
03/01/2022;98.29;98.29;98.29;98.29;;4.25%
02/28/2022;94.28;94.28;94.28;94.28;;2.65%
02/25/2022;91.85;91.85;91.85;91.85;;-3.31%
02/24/2022;94.99;94.99;94.99;94.99;;0.00%
02/23/2022;94.99;94.99;94.99;94.99;;0.59%
02/22/2022;94.43;94.43;94.43;94.43;;-1.17%
02/21/2022;95.55;95.55;95.55;95.55;;2.99%
02/18/2022;92.78;92.78;92.78;92.78;;0.98%
02/17/2022;91.88;91.88;91.88;91.88;;-4.12%
02/16/2022;95.83;95.83;95.83;95.83;;0.30%
02/15/2022;95.54;95.54;95.54;95.54;;-2.10%
02/14/2022;97.59;97.59;97.59;97.59;;4.14%
02/11/2022;93.71;93.71;93.71;93.71;;-1.71%
02/10/2022;95.34;95.34;95.34;95.34;;0.88%
02/09/2022;94.51;94.51;94.51;94.51;;-0.06%
02/08/2022;94.57;94.57;94.57;94.57;;-2.40%
02/07/2022;96.90;96.90;96.90;96.90;;0.66%
02/04/2022;96.26;96.26;96.26;96.26;;5.94%
02/03/2022;90.86;90.86;90.86;90.86;;1.35%
02/02/2022;89.65;89.65;89.65;89.65;;-0.91%
02/01/2022;90.47;90.47;90.47;90.47;;-1.71%
01/31/2022;92.04;92.04;92.04;92.04;;-0.80%
01/28/2022;92.78;92.78;92.78;92.78;;1.51%
01/27/2022;91.40;91.40;91.40;91.40;;-0.36%
01/26/2022;91.73;91.73;91.73;91.73;;3.54%
01/25/2022;88.59;88.59;88.59;88.59;;1.85%
01/24/2022;86.98;86.98;86.98;86.98;;-2.36%
01/21/2022;89.08;89.08;89.08;89.08;;-1.12%
01/20/2022;90.09;90.09;90.09;90.09;;0.54%
01/19/2022;89.61;89.61;89.61;89.61;;1.97%
01/18/2022;87.88;87.88;87.88;87.88;;0.85%
01/17/2022;87.14;87.14;87.14;87.14;;2.29%
01/14/2022;85.19;85.19;85.19;85.19;;0.83%
01/13/2022;84.49;84.49;84.49;84.49;;-0.09%
01/12/2022;84.57;84.57;84.57;84.57;;1.72%
01/11/2022;83.14;83.14;83.14;83.14;;3.20%
01/10/2022;80.56;80.56;80.56;80.56;;-0.58%
01/07/2022;81.03;81.03;81.03;81.03;;0.17%
01/06/2022;80.89;80.89;80.89;80.89;;1.66%
01/05/2022;79.57;79.57;79.57;79.57;;2.51%
01/04/2022;77.62;77.62;77.62;77.62;;1.32%
01/03/2022;76.61;76.61;76.61;76.61;;-0.25%
12/31/2021;76.80;76.80;76.80;76.80;;-0.08%
12/30/2021;76.86;76.86;76.86;76.86;;0.85%
12/29/2021;76.21;76.21;76.21;76.21;;3.74%
12/28/2021;73.46;73.46;73.46;73.46;;0.00%
12/27/2021;73.46;73.46;73.46;73.46;;0.00%
12/24/2021;73.46;73.46;73.46;73.46;;-0.81%
12/23/2021;74.06;74.06;74.06;74.06;;2.28%
12/22/2021;72.41;72.41;72.41;72.41;;2.26%
12/21/2021;70.81;70.81;70.81;70.81;;5.25%
12/20/2021;67.28;67.28;67.28;67.28;;-6.05%
12/17/2021;71.61;71.61;71.61;71.61;;-2.40%
12/16/2021;73.37;73.37;73.37;73.37;;3.00%
12/15/2021;71.23;71.23;71.23;71.23;;-1.00%
12/14/2021;71.95;71.95;71.95;71.95;;-1.40%
12/13/2021;72.97;72.97;72.97;72.97;;0.08%
12/10/2021;72.91;72.91;72.91;72.91;;-0.87%
12/09/2021;73.55;73.55;73.55;73.55;;-1.17%
12/08/2021;74.42;74.42;74.42;74.42;;-0.12%
12/07/2021;74.51;74.51;74.51;74.51;;5.46%
12/06/2021;70.65;70.65;70.65;70.65;;0.24%
12/03/2021;70.48;70.48;70.48;70.48;;2.19%
12/02/2021;68.97;68.97;68.97;68.97;;-2.24%
12/01/2021;70.55;70.55;70.55;70.55;;1.75%
11/30/2021;69.34;69.34;69.34;69.34;;-5.47%
11/29/2021;73.35;73.35;73.35;73.35;;2.44%
11/26/2021;71.60;71.60;71.60;71.60;;-11.00%
11/25/2021;80.45;80.45;80.45;80.45;;-1.13%
11/24/2021;81.37;81.37;81.37;81.37;;-0.17%
11/23/2021;81.51;81.51;81.51;81.51;;2.21%
11/22/2021;79.75;79.75;79.75;79.75;;2.01%
11/19/2021;78.18;78.18;78.18;78.18;;-2.80%
11/18/2021;80.43;80.43;80.43;80.43;;0.20%
11/17/2021;80.27;80.27;80.27;80.27;;-1.10%
11/16/2021;81.16;81.16;81.16;81.16;;2.00%
11/15/2021;79.57;79.57;79.57;79.57;;-2.04%
11/12/2021;81.23;81.23;81.23;81.23;;-0.18%
11/11/2021;81.38;81.38;81.38;81.38;;-1.58%
11/10/2021;82.69;82.69;82.69;82.69;;0.23%
11/09/2021;82.50;82.50;82.50;82.50;;0.57%
11/08/2021;82.03;82.03;82.03;82.03;;1.15%
11/05/2021;81.10;81.10;81.10;81.10;;1.07%
11/04/2021;80.24;80.24;80.24;80.24;;-0.35%
11/03/2021;80.52;80.52;80.52;80.52;;-3.05%
11/02/2021;83.05;83.05;83.05;83.05;;-0.06%
11/01/2021;83.10;83.10;83.10;83.10;;1.22%
10/29/2021;82.10;82.10;82.10;82.10;;0.72%
10/28/2021;81.51;81.51;81.51;81.51;;-1.91%
10/27/2021;83.10;83.10;83.10;83.10;;-0.81%
10/26/2021;83.78;83.78;83.78;83.78;;0.40%
10/25/2021;83.45;83.45;83.45;83.45;;0.63%
10/22/2021;82.93;82.93;82.93;82.93;;1.64%
10/21/2021;81.59;81.59;81.59;81.59;;-1.95%
10/20/2021;83.21;83.21;83.21;83.21;;0.50%
10/19/2021;82.80;82.80;82.80;82.80;;0.68%
10/18/2021;82.24;82.24;82.24;82.24;;-0.51%
10/15/2021;82.66;82.66;82.66;82.66;;1.67%
10/14/2021;81.30;81.30;81.30;81.30;;-0.07%
10/13/2021;81.36;81.36;81.36;81.36;;-0.23%
10/12/2021;81.54;81.54;81.54;81.54;;-0.80%
10/11/2021;82.20;82.20;82.20;82.20;;1.63%
10/08/2021;80.88;80.88;80.88;80.88;;0.75%
10/07/2021;80.28;80.28;80.28;80.28;;1.06%
10/06/2021;79.44;79.44;79.44;79.44;;-2.16%
10/05/2021;81.19;81.19;81.19;81.19;;1.87%
10/04/2021;79.70;79.70;79.70;79.70;;3.95%
10/01/2021;76.67;76.67;76.67;76.67;;1.07%
09/30/2021;75.86;75.86;75.86;75.86;;-0.32%
09/29/2021;76.10;76.10;76.10;76.10;;-0.50%
09/28/2021;76.48;76.48;76.48;76.48;;-0.69%
09/27/2021;77.01;77.01;77.01;77.01;;2.46%
09/24/2021;75.16;75.16;75.16;75.16;;1.10%
09/23/2021;74.34;74.34;74.34;74.34;;1.96%
09/22/2021;72.91;72.91;72.91;72.91;;2.30%
09/21/2021;71.27;71.27;71.27;71.27;;-0.82%
09/20/2021;71.86;71.86;71.86;71.86;;-0.48%
09/17/2021;72.21;72.21;72.21;72.21;;-0.23%
09/16/2021;72.38;72.38;72.38;72.38;;-2.31%
09/15/2021;74.09;74.09;74.09;74.09;;2.83%
09/14/2021;72.05;72.05;72.05;72.05;;0.28%
09/13/2021;71.85;71.85;71.85;71.85;;0.98%
09/10/2021;71.15;71.15;71.15;71.15;;-0.32%
09/09/2021;71.38;71.38;71.38;71.38;;0.20%
09/08/2021;71.24;71.24;71.24;71.24;;2.75%
09/07/2021;69.33;69.33;69.33;69.33;;-1.00%
09/06/2021;70.03;70.03;70.03;70.03;;-1.28%
09/03/2021;70.94;70.94;70.94;70.94;;-0.69%
09/02/2021;71.43;71.43;71.43;71.43;;4.00%
09/01/2021;68.68;68.68;68.68;68.68;;-3.10%
08/31/2021;70.88;70.88;70.88;70.88;;2.40%
08/30/2021;69.22;69.22;69.22;69.22;;0.00%
08/27/2021;69.22;69.22;69.22;69.22;;1.60%
08/26/2021;68.13;68.13;68.13;68.13;;-0.93%
08/25/2021;68.77;68.77;68.77;68.77;;1.15%
08/24/2021;67.99;67.99;67.99;67.99;;2.86%
08/23/2021;66.10;66.10;66.10;66.10;;4.21%
08/20/2021;63.43;63.43;63.43;63.43;;0.24%
08/19/2021;63.28;63.28;63.28;63.28;;-5.20%
08/18/2021;66.75;66.75;66.75;66.75;;-0.80%
08/17/2021;67.29;67.29;67.29;67.29;;0.28%
08/16/2021;67.10;67.10;67.10;67.10;;-2.54%
08/13/2021;68.85;68.85;68.85;68.85;;-0.38%
08/12/2021;69.11;69.11;69.11;69.11;;1.57%
08/11/2021;68.04;68.04;68.04;68.04;;-1.13%
08/10/2021;68.82;68.82;68.82;68.82;;3.04%
08/09/2021;66.79;66.79;66.79;66.79;;-3.44%
08/06/2021;69.17;69.17;69.17;69.17;;-0.83%
08/05/2021;69.75;69.75;69.75;69.75;;-0.56%
08/04/2021;70.14;70.14;70.14;70.14;;-0.65%
08/03/2021;70.60;70.60;70.60;70.60;;-1.16%
08/02/2021;71.43;71.43;71.43;71.43;;-3.43%
07/30/2021;73.97;73.97;73.97;73.97;;1.01%
07/29/2021;73.23;73.23;73.23;73.23;;1.09%
07/28/2021;72.44;72.44;72.44;72.44;;0.10%
07/27/2021;72.37;72.37;72.37;72.37;;0.81%
07/26/2021;71.79;71.79;71.79;71.79;;-0.24%
07/23/2021;71.96;71.96;71.96;71.96;;1.84%
07/22/2021;70.66;70.66;70.66;70.66;;1.51%
07/21/2021;69.61;69.61;69.61;69.61;;3.51%
07/20/2021;67.25;67.25;67.25;67.25;;-0.06%
07/19/2021;67.29;67.29;67.29;67.29;;-6.53%
07/16/2021;71.99;71.99;71.99;71.99;;-1.32%
07/15/2021;72.95;72.95;72.95;72.95;;-2.20%
07/14/2021;74.59;74.59;74.59;74.59;;0.34%
07/13/2021;74.34;74.34;74.34;74.34;;0.08%
07/12/2021;74.28;74.28;74.28;74.28;;-0.71%
07/09/2021;74.81;74.81;74.81;74.81;;3.97%
07/08/2021;71.95;71.95;71.95;71.95;;0.84%
07/07/2021;71.35;71.35;71.35;71.35;;-2.89%
07/06/2021;73.47;73.47;73.47;73.47;;-2.66%
07/05/2021;75.48;75.48;75.48;75.48;;0.84%
07/02/2021;74.85;74.85;74.85;74.85;;0.25%
07/01/2021;74.66;74.66;74.66;74.66;;-0.33%
06/30/2021;74.91;74.91;74.91;74.91;;2.02%
06/29/2021;73.43;73.43;73.43;73.43;;0.07%
06/28/2021;73.38;73.38;73.38;73.38;;-1.12%
06/25/2021;74.21;74.21;74.21;74.21;;0.54%
06/24/2021;73.81;73.81;73.81;73.81;;0.07%
06/23/2021;73.76;73.76;73.76;73.76;;1.15%
06/22/2021;72.92;72.92;72.92;72.92;;1.29%
06/21/2021;71.99;71.99;71.99;71.99;;1.08%
06/18/2021;71.22;71.22;71.22;71.22;;0.28%
06/17/2021;71.02;71.02;71.02;71.02;;-2.10%
06/16/2021;72.54;72.54;72.54;72.54;;1.87%
06/15/2021;71.21;71.21;71.21;71.21;;0.68%
06/14/2021;70.73;70.73;70.73;70.73;;1.03%
06/11/2021;70.01;70.01;70.01;70.01;;0.50%
06/10/2021;69.66;69.66;69.66;69.66;;0.23%
06/09/2021;69.50;69.50;69.50;69.50;;0.87%
06/08/2021;68.90;68.90;68.90;68.90;;-0.98%
06/07/2021;69.58;69.58;69.58;69.58;;-0.32%
06/04/2021;69.80;69.80;69.80;69.80;;1.34%
06/03/2021;68.88;68.88;68.88;68.88;;-0.04%
06/02/2021;68.91;68.91;68.91;68.91;;0.15%
06/01/2021;68.81;68.81;68.81;68.81;;1.58%
05/28/2021;67.74;67.74;67.74;67.74;;0.56%
05/27/2021;67.36;67.36;67.36;67.36;;0.12%
05/26/2021;67.28;67.28;67.28;67.28;;0.37%
05/25/2021;67.03;67.03;67.03;67.03;;0.59%
05/24/2021;66.64;66.64;66.64;66.64;;2.13%
05/21/2021;65.25;65.25;65.25;65.25;;0.60%
05/20/2021;64.86;64.86;64.86;64.86;;0.06%
05/19/2021;64.82;64.82;64.82;64.82;;-4.76%
05/18/2021;68.06;68.06;68.06;68.06;;0.22%
05/17/2021;67.91;67.91;67.91;67.91;;0.59%
05/14/2021;67.51;67.51;67.51;67.51;;1.81%
05/13/2021;66.31;66.31;66.31;66.31;;-3.24%
05/12/2021;68.53;68.53;68.53;68.53;;2.73%
05/11/2021;66.71;66.71;66.71;66.71;;0.42%
05/10/2021;66.43;66.43;66.43;66.43;;-0.36%
05/07/2021;66.67;66.67;66.67;66.67;;-0.69%
05/06/2021;67.13;67.13;67.13;67.13;;-1.91%
05/05/2021;68.44;68.44;68.44;68.44;;1.81%
05/04/2021;67.22;67.22;67.22;67.22;;2.33%
05/03/2021;65.69;65.69;65.69;65.69;;0.00%
04/30/2021;65.69;65.69;65.69;65.69;;-0.39%
04/29/2021;65.95;65.95;65.95;65.95;;0.78%
04/28/2021;65.44;65.44;65.44;65.44;;2.78%
04/27/2021;63.67;63.67;63.67;63.67;;0.22%
04/26/2021;63.53;63.53;63.53;63.53;;-0.14%
04/23/2021;63.62;63.62;63.62;63.62;;0.79%
04/22/2021;63.12;63.12;63.12;63.12;;0.90%
04/21/2021;62.56;62.56;62.56;62.56;;0.18%
04/20/2021;62.45;62.45;62.45;62.45;;-3.01%
04/19/2021;64.39;64.39;64.39;64.39;;0.70%
04/16/2021;63.94;63.94;63.94;63.94;;0.30%
04/15/2021;63.75;63.75;63.75;63.75;;-0.06%
04/14/2021;63.79;63.79;63.79;63.79;;4.52%
04/13/2021;61.03;61.03;61.03;61.03;;0.58%
04/12/2021;60.68;60.68;60.68;60.68;;1.03%
04/09/2021;60.06;60.06;60.06;60.06;;0.55%
04/08/2021;59.73;59.73;59.73;59.73;;1.67%
04/07/2021;58.75;58.75;58.75;58.75;;-2.49%
04/06/2021;60.25;60.25;60.25;60.25;;-0.17%
04/05/2021;60.35;60.35;60.35;60.35;;0.00%
04/02/2021;60.35;60.35;60.35;60.35;;0.00%
04/01/2021;60.35;60.35;60.35;60.35;;-2.08%
03/31/2021;61.63;61.63;61.63;61.63;;-0.68%
03/30/2021;62.05;62.05;62.05;62.05;;0.50%
03/29/2021;61.74;61.74;61.74;61.74;;-0.98%
03/26/2021;62.35;62.35;62.35;62.35;;4.11%
03/25/2021;59.89;59.89;59.89;59.89;;-3.65%
03/24/2021;62.16;62.16;62.16;62.16;;3.24%
03/23/2021;60.21;60.21;60.21;60.21;;-3.34%
03/22/2021;62.29;62.29;62.29;62.29;;0.32%
03/19/2021;62.09;62.09;62.09;62.09;;-1.96%
03/18/2021;63.33;63.33;63.33;63.33;;-3.52%
03/17/2021;65.64;65.64;65.64;65.64;;-0.62%
03/16/2021;66.05;66.05;66.05;66.05;;-1.29%
03/15/2021;66.91;66.91;66.91;66.91;;-1.04%
03/12/2021;67.61;67.61;67.61;67.61;;-0.43%
03/11/2021;67.90;67.90;67.90;67.90;;3.74%
03/10/2021;65.45;65.45;65.45;65.45;;-0.62%
03/09/2021;65.86;65.86;65.86;65.86;;-2.28%
03/08/2021;67.40;67.40;67.40;67.40;;-0.98%
03/05/2021;68.07;68.07;68.07;68.07;;2.47%
03/04/2021;66.43;66.43;66.43;66.43;;4.71%
03/03/2021;63.44;63.44;63.44;63.44;;1.20%
03/02/2021;62.69;62.69;62.69;62.69;;-2.88%
03/01/2021;64.55;64.55;64.55;64.55;;-0.57%
02/26/2021;64.92;64.92;64.92;64.92;;-1.64%
02/25/2021;66.00;66.00;66.00;66.00;;0.67%
02/24/2021;65.56;65.56;65.56;65.56;;2.39%
02/23/2021;64.03;64.03;64.03;64.03;;1.72%
02/22/2021;62.95;62.95;62.95;62.95;;0.72%
02/19/2021;62.50;62.50;62.50;62.50;;-1.67%
02/18/2021;63.56;63.56;63.56;63.56;;0.32%
02/17/2021;63.36;63.36;63.36;63.36;;1.28%
02/16/2021;62.56;62.56;62.56;62.56;;-0.62%
02/15/2021;62.95;62.95;62.95;62.95;;3.43%
02/12/2021;60.86;60.86;60.86;60.86;;0.13%
02/11/2021;60.78;60.78;60.78;60.78;;0.23%
02/10/2021;60.64;60.64;60.64;60.64;;1.47%
02/09/2021;59.76;59.76;59.76;59.76;;0.13%
02/08/2021;59.68;59.68;59.68;59.68;;-0.03%
02/05/2021;59.70;59.70;59.70;59.70;;1.79%
02/04/2021;58.65;58.65;58.65;58.65;;-0.10%
02/03/2021;58.71;58.71;58.71;58.71;;1.38%
02/02/2021;57.91;57.91;57.91;57.91;;2.59%
02/01/2021;56.45;56.45;56.45;56.45;;1.15%
01/29/2021;55.81;55.81;55.81;55.81;;0.52%
01/28/2021;55.52;55.52;55.52;55.52;;-1.02%
01/27/2021;56.09;56.09;56.09;56.09;;0.59%
01/26/2021;55.76;55.76;55.76;55.76;;1.33%
01/25/2021;55.03;55.03;55.03;55.03;;-0.33%
01/22/2021;55.21;55.21;55.21;55.21;;-0.83%
01/21/2021;55.67;55.67;55.67;55.67;;-0.73%
01/20/2021;56.08;56.08;56.08;56.08;;0.81%
01/19/2021;55.63;55.63;55.63;55.63;;1.89%
01/18/2021;54.60;54.60;54.60;54.60;;-0.24%
01/15/2021;54.73;54.73;54.73;54.73;;-0.78%
01/14/2021;55.16;55.16;55.16;55.16;;-1.32%
01/13/2021;55.90;55.90;55.90;55.90;;-0.34%
01/12/2021;56.09;56.09;56.09;56.09;;2.07%
01/11/2021;54.95;54.95;54.95;54.95;;-0.31%
01/08/2021;55.12;55.12;55.12;55.12;;1.92%
01/07/2021;54.08;54.08;54.08;54.08;;-0.52%
01/06/2021;54.36;54.36;54.36;54.36;;3.23%
01/05/2021;52.66;52.66;52.66;52.66;;4.55%
01/04/2021;50.37;50.37;50.37;50.37;;-1.18%
01/01/2021;50.97;50.97;50.97;50.97;;0.00%
12/31/2020;50.97;50.97;50.97;50.97;;0.65%
12/30/2020;50.64;50.64;50.64;50.64;;-0.33%
12/29/2020;50.81;50.81;50.81;50.81;;0.24%
12/25/2020;50.69;50.69;50.69;50.69;;0.00%
12/24/2020;50.69;50.69;50.69;50.69;;-1.30%
12/23/2020;51.36;51.36;51.36;51.36;;2.11%
12/22/2020;50.30;50.30;50.30;50.30;;0.56%
12/21/2020;50.02;50.02;50.02;50.02;;-4.18%
12/18/2020;52.20;52.20;52.20;52.20;;1.85%
12/17/2020;51.25;51.25;51.25;51.25;;1.34%
12/16/2020;50.57;50.57;50.57;50.57;;-0.69%
12/15/2020;50.92;50.92;50.92;50.92;;2.50%
12/14/2020;49.68;49.68;49.68;49.68;;-1.02%
12/11/2020;50.19;50.19;50.19;50.19;;-1.78%
12/10/2020;51.10;51.10;51.10;51.10;;4.63%
12/09/2020;48.84;48.84;48.84;48.84;;-0.35%
12/08/2020;49.01;49.01;49.01;49.01;;-0.08%
12/07/2020;49.05;49.05;49.05;49.05;;-1.66%
12/04/2020;49.88;49.88;49.88;49.88;;1.53%
12/03/2020;49.13;49.13;49.13;49.13;;0.88%
12/02/2020;48.70;48.70;48.70;48.70;;1.65%
12/01/2020;47.91;47.91;47.91;47.91;;2.11%
11/30/2020;46.92;46.92;46.92;46.92;;-1.41%
11/27/2020;47.59;47.59;47.59;47.59;;0.89%
11/26/2020;47.17;47.17;47.17;47.17;;-0.97%
11/25/2020;47.63;47.63;47.63;47.63;;0.32%
11/24/2020;47.48;47.48;47.48;47.48;;4.24%
11/23/2020;45.55;45.55;45.55;45.55;;3.38%
11/20/2020;44.06;44.06;44.06;44.06;;0.96%
11/19/2020;43.64;43.64;43.64;43.64;;-0.39%
11/18/2020;43.81;43.81;43.81;43.81;;2.22%
11/17/2020;42.86;42.86;42.86;42.86;;-2.15%
11/16/2020;43.80;43.80;43.80;43.80;;3.03%
11/13/2020;42.51;42.51;42.51;42.51;;-2.03%
11/12/2020;43.39;43.39;43.39;43.39;;-1.18%
11/11/2020;43.91;43.91;43.91;43.91;;3.32%
11/10/2020;42.50;42.50;42.50;42.50;;1.19%
11/09/2020;42.00;42.00;42.00;42.00;;7.33%
11/06/2020;39.13;39.13;39.13;39.13;;-2.78%
11/05/2020;40.25;40.25;40.25;40.25;;0.78%
11/04/2020;39.94;39.94;39.94;39.94;;2.96%
11/03/2020;38.79;38.79;38.79;38.79;;4.16%
11/02/2020;37.24;37.24;37.24;37.24;;0.32%
10/30/2020;37.12;37.12;37.12;37.12;;0.38%
10/29/2020;36.98;36.98;36.98;36.98;;-4.42%
10/28/2020;38.69;38.69;38.69;38.69;;-4.66%
10/27/2020;40.58;40.58;40.58;40.58;;1.86%
10/26/2020;39.84;39.84;39.84;39.84;;-3.79%
10/23/2020;41.41;41.41;41.41;41.41;;-0.65%
10/22/2020;41.68;41.68;41.68;41.68;;3.50%
10/21/2020;40.27;40.27;40.27;40.27;;-1.76%
10/20/2020;40.99;40.99;40.99;40.99;;-1.87%
10/19/2020;41.77;41.77;41.77;41.77;;0.58%
10/16/2020;41.53;41.53;41.53;41.53;;1.24%
10/15/2020;41.02;41.02;41.02;41.02;;-1.63%
10/14/2020;41.70;41.70;41.70;41.70;;0.75%
10/13/2020;41.39;41.39;41.39;41.39;;2.07%
10/12/2020;40.55;40.55;40.55;40.55;;-3.41%
10/09/2020;41.98;41.98;41.98;41.98;;0.89%
10/08/2020;41.61;41.61;41.61;41.61;;3.38%
10/07/2020;40.25;40.25;40.25;40.25;;-1.85%
10/06/2020;41.01;41.01;41.01;41.01;;2.73%
10/05/2020;39.92;39.92;39.92;39.92;;2.89%
10/02/2020;38.80;38.80;38.80;38.80;;-1.62%
10/01/2020;39.44;39.44;39.44;39.44;;-2.59%
09/30/2020;40.49;40.49;40.49;40.49;;-0.42%
09/29/2020;40.66;40.66;40.66;40.66;;-2.47%
09/28/2020;41.69;41.69;41.69;41.69;;1.34%
09/25/2020;41.14;41.14;41.14;41.14;;0.69%
09/24/2020;40.86;40.86;40.86;40.86;;-1.19%
09/23/2020;41.35;41.35;41.35;41.35;;1.22%
09/22/2020;40.85;40.85;40.85;40.85;;2.05%
09/21/2020;40.03;40.03;40.03;40.03;;-5.32%
09/18/2020;42.28;42.28;42.28;42.28;;0.09%
09/17/2020;42.24;42.24;42.24;42.24;;3.58%
09/16/2020;40.78;40.78;40.78;40.78;;4.54%
09/15/2020;39.01;39.01;39.01;39.01;;1.48%
09/14/2020;38.44;38.44;38.44;38.44;;-1.39%
09/11/2020;38.98;38.98;38.98;38.98;;-1.44%
09/10/2020;39.55;39.55;39.55;39.55;;-0.75%
09/09/2020;39.85;39.85;39.85;39.85;;3.59%
09/08/2020;38.47;38.47;38.47;38.47;;-5.08%
09/07/2020;40.53;40.53;40.53;40.53;;-1.63%
09/04/2020;41.20;41.20;41.20;41.20;;-1.53%
09/03/2020;41.84;41.84;41.84;41.84;;-6.57%
09/02/2020;44.78;44.78;44.78;44.78;;-2.18%
09/01/2020;45.78;45.78;45.78;45.78;;1.51%
08/28/2020;45.10;45.10;45.10;45.10;;1.14%
08/27/2020;44.59;44.59;44.59;44.59;;-2.62%
08/26/2020;45.79;45.79;45.79;45.79;;-0.59%
08/25/2020;46.06;46.06;46.06;46.06;;4.26%
08/24/2020;44.18;44.18;44.18;44.18;;1.82%
08/21/2020;43.39;43.39;43.39;43.39;;-2.30%
08/20/2020;44.41;44.41;44.41;44.41;;-1.51%
08/19/2020;45.09;45.09;45.09;45.09;;-0.18%
08/18/2020;45.17;45.17;45.17;45.17;;1.32%
08/17/2020;44.58;44.58;44.58;44.58;;-0.27%
08/14/2020;44.70;44.70;44.70;44.70;;-0.67%
08/13/2020;45.00;45.00;45.00;45.00;;0.11%
08/12/2020;44.95;44.95;44.95;44.95;;0.56%
08/11/2020;44.70;44.70;44.70;44.70;;0.47%
08/10/2020;44.49;44.49;44.49;44.49;;-0.40%
08/07/2020;44.67;44.67;44.67;44.67;;-2.13%
08/06/2020;45.64;45.64;45.64;45.64;;-1.11%
08/05/2020;46.15;46.15;46.15;46.15;;4.11%
08/04/2020;44.33;44.33;44.33;44.33;;0.18%
08/03/2020;44.25;44.25;44.25;44.25;;1.56%
07/31/2020;43.57;43.57;43.57;43.57;;1.51%
07/30/2020;42.92;42.92;42.92;42.92;;-3.20%
07/29/2020;44.34;44.34;44.34;44.34;;1.07%
07/28/2020;43.87;43.87;43.87;43.87;;1.43%
07/27/2020;43.25;43.25;43.25;43.25;;-1.39%
07/24/2020;43.86;43.86;43.86;43.86;;-1.33%
07/23/2020;44.45;44.45;44.45;44.45;;0.75%
07/22/2020;44.12;44.12;44.12;44.12;;-2.84%
07/21/2020;45.41;45.41;45.41;45.41;;1.79%
07/20/2020;44.61;44.61;44.61;44.61;;-1.15%
07/17/2020;45.13;45.13;45.13;45.13;;-1.03%
07/16/2020;45.60;45.60;45.60;45.60;;0.53%
07/15/2020;45.36;45.36;45.36;45.36;;1.30%
07/14/2020;44.78;44.78;44.78;44.78;;-0.44%
07/13/2020;44.98;44.98;44.98;44.98;;2.30%
07/10/2020;43.97;43.97;43.97;43.97;;1.27%
07/09/2020;43.42;43.42;43.42;43.42;;-2.36%
07/08/2020;44.47;44.47;44.47;44.47;;-0.34%
07/07/2020;44.62;44.62;44.62;44.62;;-1.09%
07/06/2020;45.11;45.11;45.11;45.11;;0.87%
07/03/2020;44.72;44.72;44.72;44.72;;-0.22%
07/02/2020;44.82;44.82;44.82;44.82;;0.90%
07/01/2020;44.42;44.42;44.42;44.42;;0.59%
06/30/2020;44.16;44.16;44.16;44.16;;0.89%
06/29/2020;43.77;43.77;43.77;43.77;;1.39%
06/26/2020;43.17;43.17;43.17;43.17;;-0.60%
06/25/2020;43.43;43.43;43.43;43.43;;0.63%
06/24/2020;43.16;43.16;43.16;43.16;;-6.52%
06/23/2020;46.17;46.17;46.17;46.17;;1.63%
06/22/2020;45.43;45.43;45.43;45.43;;0.09%
06/19/2020;45.39;45.39;45.39;45.39;;2.81%
06/18/2020;44.15;44.15;44.15;44.15;;4.57%
06/17/2020;42.22;42.22;42.22;42.22;;0.40%
06/16/2020;42.05;42.05;42.05;42.05;;3.85%
06/15/2020;40.49;40.49;40.49;40.49;;0.60%
06/12/2020;40.25;40.25;40.25;40.25;;0.93%
06/11/2020;39.88;39.88;39.88;39.88;;-5.39%
06/10/2020;42.15;42.15;42.15;42.15;;1.03%
06/09/2020;41.72;41.72;41.72;41.72;;-0.48%
06/08/2020;41.92;41.92;41.92;41.92;;-2.03%
06/05/2020;42.79;42.79;42.79;42.79;;8.44%
06/04/2020;39.46;39.46;39.46;39.46;;0.18%
06/03/2020;39.39;39.39;39.39;39.39;;0.10%
06/02/2020;39.35;39.35;39.35;39.35;;4.54%
06/01/2020;37.64;37.64;37.64;37.64;;6.15%
05/29/2020;35.46;35.46;35.46;35.46;;1.17%
05/28/2020;35.05;35.05;35.05;35.05;;2.61%
05/27/2020;34.16;34.16;34.16;34.16;;-1.04%
05/26/2020;34.52;34.52;34.52;34.52;;0.32%
05/22/2020;34.41;34.41;34.41;34.41;;-3.83%
05/21/2020;35.78;35.78;35.78;35.78;;0.08%
05/20/2020;35.75;35.75;35.75;35.75;;6.88%
05/19/2020;33.45;33.45;33.45;33.45;;-3.13%
05/18/2020;34.53;34.53;34.53;34.53;;12.77%
05/15/2020;30.62;30.62;30.62;30.62;;4.79%
05/14/2020;29.22;29.22;29.22;29.22;;1.11%
05/13/2020;28.90;28.90;28.90;28.90;;7.20%
05/12/2020;26.96;26.96;26.96;26.96;;2.98%
05/11/2020;26.18;26.18;26.18;26.18;;1.00%
05/07/2020;25.92;25.92;25.92;25.92;;7.73%
05/06/2020;24.06;24.06;24.06;24.06;;-3.10%
05/05/2020;24.83;24.83;24.83;24.83;;26.10%
05/04/2020;19.69;19.69;19.69;19.69;;4.68%
05/01/2020;18.81;18.81;18.81;18.81;;0.16%
04/30/2020;18.78;18.78;18.78;18.78;;14.65%
04/29/2020;16.38;16.38;16.38;16.38;;18.52%
04/28/2020;13.82;13.82;13.82;13.82;;6.72%
04/27/2020;12.95;12.95;12.95;12.95;;-11.00%
04/24/2020;14.55;14.55;14.55;14.55;;-1.29%
04/23/2020;14.74;14.74;14.74;14.74;;20.62%
04/22/2020;12.22;12.22;12.22;12.22;;45.48%
04/21/2020;8.40;8.40;8.40;8.40;;-44.26%
04/20/2020;15.07;15.07;15.07;15.07;;-4.32%
04/17/2020;15.75;15.75;15.75;15.75;;9.53%
04/16/2020;14.38;14.38;14.38;14.38;;-6.50%
04/15/2020;15.38;15.38;15.38;15.38;;-16.55%
04/14/2020;18.43;18.43;18.43;18.43;;0.60%
04/09/2020;18.32;18.32;18.32;18.32;;-10.94%
04/08/2020;20.57;20.57;20.57;20.57;;5.98%
04/07/2020;19.41;19.41;19.41;19.41;;10.66%
04/06/2020;17.54;17.54;17.54;17.54;;-6.95%
04/03/2020;18.85;18.85;18.85;18.85;;29.11%
04/02/2020;14.60;14.60;14.60;14.60;;34.19%
04/01/2020;10.88;10.88;10.88;10.88;;-27.99%
03/31/2020;15.11;15.11;15.11;15.11;;4.79%
03/30/2020;14.42;14.42;14.42;14.42;;-19.08%
03/27/2020;17.82;17.82;17.82;17.82;;-18.03%
03/26/2020;21.74;21.74;21.74;21.74;;-0.05%
03/25/2020;21.75;21.75;21.75;21.75;;-0.68%
03/24/2020;21.90;21.90;21.90;21.90;;15.57%
03/23/2020;18.95;18.95;18.95;18.95;;-16.34%
03/20/2020;22.65;22.65;22.65;22.65;;7.45%
03/19/2020;21.08;21.08;21.08;21.08;;5.98%
03/18/2020;19.89;19.89;19.89;19.89;;-22.06%
03/17/2020;25.52;25.52;25.52;25.52;;-0.04%
03/16/2020;25.53;25.53;25.53;25.53;;-14.33%
03/13/2020;29.80;29.80;29.80;29.80;;4.31%
03/12/2020;28.57;28.57;28.57;28.57;;-11.77%
03/11/2020;32.38;32.38;32.38;32.38;;-2.23%
03/10/2020;33.12;33.12;33.12;33.12;;0.73%
03/09/2020;32.88;32.88;32.88;32.88;;-23.80%
03/06/2020;43.15;43.15;43.15;43.15;;-11.65%
03/05/2020;48.84;48.84;48.84;48.84;;-1.15%
03/04/2020;49.41;49.41;49.41;49.41;;-0.76%
03/03/2020;49.79;49.79;49.79;49.79;;-0.56%
03/02/2020;50.07;50.07;50.07;50.07;;2.48%
02/28/2020;48.86;48.86;48.86;48.86;;-1.77%
02/27/2020;49.74;49.74;49.74;49.74;;-5.28%
02/26/2020;52.51;52.51;52.51;52.51;;-3.15%
02/25/2020;54.22;54.22;54.22;54.22;;-2.99%
02/24/2020;55.89;55.89;55.89;55.89;;-4.38%
02/21/2020;58.45;58.45;58.45;58.45;;-2.49%
02/20/2020;59.94;59.94;59.94;59.94;;0.62%
02/19/2020;59.57;59.57;59.57;59.57;;4.14%
02/18/2020;57.20;57.20;57.20;57.20;;-0.83%
02/17/2020;57.68;57.68;57.68;57.68;;0.80%
02/14/2020;57.22;57.22;57.22;57.22;;1.83%
02/13/2020;56.19;56.19;56.19;56.19;;1.44%
02/12/2020;55.39;55.39;55.39;55.39;;2.86%
02/11/2020;53.85;53.85;53.85;53.85;;1.53%
02/10/2020;53.04;53.04;53.04;53.04;;-2.10%
02/07/2020;54.18;54.18;54.18;54.18;;-2.87%
02/06/2020;55.78;55.78;55.78;55.78;;-0.32%
02/05/2020;55.96;55.96;55.96;55.96;;2.68%
02/04/2020;54.50;54.50;54.50;54.50;;-0.18%
02/03/2020;54.60;54.60;54.60;54.60;;-6.46%
01/31/2020;58.37;58.37;58.37;58.37;;3.82%
01/30/2020;56.22;56.22;56.22;56.22;;-3.00%
01/29/2020;57.96;57.96;57.96;57.96;;0.16%
01/28/2020;57.87;57.87;57.87;57.87;;1.46%
01/27/2020;57.04;57.04;57.04;57.04;;-1.38%
01/24/2020;57.84;57.84;57.84;57.84;;-3.21%
01/23/2020;59.76;59.76;59.76;59.76;;-1.40%
01/22/2020;60.61;60.61;60.61;60.61;;-2.49%
01/21/2020;62.16;62.16;62.16;62.16;;-1.54%
01/20/2020;63.13;63.13;63.13;63.13;;0.93%
01/17/2020;62.55;62.55;62.55;62.55;;-0.92%
01/16/2020;63.13;63.13;63.13;63.13;;2.17%
01/15/2020;61.79;61.79;61.79;61.79;;-1.84%
01/14/2020;62.95;62.95;62.95;62.95;;0.49%
01/13/2020;62.64;62.64;62.64;62.64;;-4.03%
01/10/2020;65.27;65.27;65.27;65.27;;0.29%
01/09/2020;65.08;65.08;65.08;65.08;;-1.11%
01/08/2020;65.81;65.81;65.81;65.81;;-2.13%
01/07/2020;67.24;67.24;67.24;67.24;;-2.20%
01/06/2020;68.75;68.75;68.75;68.75;;1.73%
01/03/2020;67.58;67.58;67.58;67.58;;3.10%
01/02/2020;65.55;65.55;65.55;65.55;;-1.09%
01/01/2020;66.27;66.27;66.27;66.27;;0.00%
12/31/2019;66.27;66.27;66.27;66.27;;-0.79%
12/30/2019;66.80;66.80;66.80;66.80;;-0.90%
12/27/2019;67.41;67.41;67.41;67.41;;-1.96%
12/26/2019;68.76;68.76;68.76;68.76;;0.00%
12/24/2019;68.76;68.76;68.76;68.76;;2.64%
12/23/2019;66.99;66.99;66.99;66.99;;-1.72%
12/20/2019;68.16;68.16;68.16;68.16;;-1.50%
12/19/2019;69.20;69.20;69.20;69.20;;0.85%
12/18/2019;68.62;68.62;68.62;68.62;;0.19%
12/17/2019;68.49;68.49;68.49;68.49;;1.41%
12/16/2019;67.54;67.54;67.54;67.54;;-0.44%
12/13/2019;67.84;67.84;67.84;67.84;;1.15%
12/12/2019;67.07;67.07;67.07;67.07;;1.98%
12/11/2019;65.77;65.77;65.77;65.77;;-1.79%
12/10/2019;66.97;66.97;66.97;66.97;;0.19%
12/09/2019;66.84;66.84;66.84;66.84;;-0.09%
12/06/2019;66.90;66.90;66.90;66.90;;1.26%
12/05/2019;66.07;66.07;66.07;66.07;;0.64%
12/04/2019;65.65;65.65;65.65;65.65;;3.63%
12/03/2019;63.35;63.35;63.35;63.35;;-0.39%
12/02/2019;63.60;63.60;63.60;63.60;;-2.38%
11/29/2019;65.15;65.15;65.15;65.15;;-0.28%
11/28/2019;65.33;65.33;65.33;65.33;;-0.23%
11/27/2019;65.48;65.48;65.48;65.48;;0.94%
11/26/2019;64.87;64.87;64.87;64.87;;0.23%
11/25/2019;64.72;64.72;64.72;64.72;;-1.76%
11/22/2019;65.88;65.88;65.88;65.88;;-0.24%
11/21/2019;66.04;66.04;66.04;66.04;;1.84%
11/20/2019;64.85;64.85;64.85;64.85;;2.94%
11/19/2019;63.00;63.00;63.00;63.00;;-1.05%
11/18/2019;63.67;63.67;63.67;63.67;;-0.78%
11/15/2019;64.17;64.17;64.17;64.17;;1.36%
11/14/2019;63.31;63.31;63.31;63.31;;0.30%
11/13/2019;63.12;63.12;63.12;63.12;;0.13%
11/12/2019;63.04;63.04;63.04;63.04;;-0.61%
11/11/2019;63.43;63.43;63.43;63.43;;0.92%
11/08/2019;62.85;62.85;62.85;62.85;;-0.95%
11/07/2019;63.45;63.45;63.45;63.45;;0.78%
11/06/2019;62.96;62.96;62.96;62.96;;-0.96%
11/05/2019;63.57;63.57;63.57;63.57;;0.32%
11/04/2019;63.37;63.37;63.37;63.37;;3.85%
11/01/2019;61.02;61.02;61.02;61.02;;1.45%
10/31/2019;60.15;60.15;60.15;60.15;;0.13%
10/30/2019;60.07;60.07;60.07;60.07;;-1.36%
10/29/2019;60.90;60.90;60.90;60.90;;1.10%
10/28/2019;60.24;60.24;60.24;60.24;;-2.70%
10/25/2019;61.91;61.91;61.91;61.91;;2.06%
10/24/2019;60.66;60.66;60.66;60.66;;2.00%
10/23/2019;59.47;59.47;59.47;59.47;;0.03%
10/22/2019;59.45;59.45;59.45;59.45;;2.68%
10/21/2019;57.90;57.90;57.90;57.90;;-1.71%
10/18/2019;58.91;58.91;58.91;58.91;;1.05%
10/17/2019;58.30;58.30;58.30;58.30;;0.09%
10/16/2019;58.25;58.25;58.25;58.25;;0.19%
10/15/2019;58.14;58.14;58.14;58.14;;0.66%
10/14/2019;57.76;57.76;57.76;57.76;;-2.99%
10/11/2019;59.54;59.54;59.54;59.54;;2.60%
10/10/2019;58.03;58.03;58.03;58.03;;-1.06%
10/09/2019;58.65;58.65;58.65;58.65;;2.73%
10/08/2019;57.09;57.09;57.09;57.09;;-2.26%
10/07/2019;58.41;58.41;58.41;58.41;;0.57%
10/04/2019;58.08;58.08;58.08;58.08;;1.97%
10/03/2019;56.96;56.96;56.96;56.96;;0.16%
10/02/2019;56.87;56.87;56.87;56.87;;-3.63%
10/01/2019;59.01;59.01;59.01;59.01;;-1.55%
09/30/2019;59.94;59.94;59.94;59.94;;-2.43%
09/27/2019;61.43;61.43;61.43;61.43;;0.66%
09/26/2019;61.03;61.03;61.03;61.03;;-0.54%
09/25/2019;61.36;61.36;61.36;61.36;;-3.72%
09/24/2019;63.73;63.73;63.73;63.73;;-0.82%
09/23/2019;64.26;64.26;64.26;64.26;;-0.88%
09/20/2019;64.83;64.83;64.83;64.83;;1.53%
09/19/2019;63.85;63.85;63.85;63.85;;-0.06%
09/18/2019;63.89;63.89;63.89;63.89;;-1.99%
09/17/2019;65.19;65.19;65.19;65.19;;-4.16%
09/16/2019;68.02;68.02;68.02;68.02;;11.78%
09/13/2019;60.85;60.85;60.85;60.85;;0.81%
09/12/2019;60.36;60.36;60.36;60.36;;-3.61%
09/11/2019;62.62;62.62;62.62;62.62;;-2.57%
09/10/2019;64.27;64.27;64.27;64.27;;1.07%
09/09/2019;63.59;63.59;63.59;63.59;;4.45%
09/06/2019;60.88;60.88;60.88;60.88;;-2.28%
09/05/2019;62.30;62.30;62.30;62.30;;3.09%
09/04/2019;60.43;60.43;60.43;60.43;;4.77%
09/03/2019;57.68;57.68;57.68;57.68;;-3.22%
09/02/2019;59.60;59.60;59.60;59.60;;-4.01%
08/30/2019;62.09;62.09;62.09;62.09;;0.73%
08/29/2019;61.64;61.64;61.64;61.64;;0.28%
08/28/2019;61.47;61.47;61.47;61.47;;3.33%
08/27/2019;59.49;59.49;59.49;59.49;;-0.34%
08/26/2019;59.69;59.69;59.69;59.69;;0.00%
08/23/2019;59.69;59.69;59.69;59.69;;-1.92%
08/22/2019;60.86;60.86;60.86;60.86;;-1.28%
08/21/2019;61.65;61.65;61.65;61.65;;2.61%
08/20/2019;60.08;60.08;60.08;60.08;;-1.09%
08/19/2019;60.74;60.74;60.74;60.74;;2.26%
08/16/2019;59.40;59.40;59.40;59.40;;2.82%
08/15/2019;57.77;57.77;57.77;57.77;;-0.84%
08/14/2019;58.26;58.26;58.26;58.26;;-4.96%
08/13/2019;61.30;61.30;61.30;61.30;;4.73%
08/12/2019;58.53;58.53;58.53;58.53;;-0.41%
08/09/2019;58.77;58.77;58.77;58.77;;1.87%
08/08/2019;57.69;57.69;57.69;57.69;;2.32%
08/07/2019;56.38;56.38;56.38;56.38;;-6.00%
08/06/2019;59.98;59.98;59.98;59.98;;-1.14%
08/05/2019;60.67;60.67;60.67;60.67;;-2.88%
08/02/2019;62.47;62.47;62.47;62.47;;-2.69%
08/01/2019;64.20;64.20;64.20;64.20;;-1.06%
07/31/2019;64.89;64.89;64.89;64.89;;1.87%
07/30/2019;63.70;63.70;63.70;63.70;;0.49%
07/29/2019;63.39;63.39;63.39;63.39;;-0.11%
07/26/2019;63.46;63.46;63.46;63.46;;-0.56%
07/25/2019;63.82;63.82;63.82;63.82;;-0.09%
07/24/2019;63.88;63.88;63.88;63.88;;2.49%
07/23/2019;62.33;62.33;62.33;62.33;;0.68%
07/22/2019;61.91;61.91;61.91;61.91;;1.68%
07/19/2019;60.89;60.89;60.89;60.89;;0.73%
07/18/2019;60.45;60.45;60.45;60.45;;-4.68%
07/17/2019;63.42;63.42;63.42;63.42;;-2.98%
07/16/2019;65.37;65.37;65.37;65.37;;-1.34%
07/15/2019;66.26;66.26;66.26;66.26;;0.55%
07/12/2019;65.90;65.90;65.90;65.90;;-1.48%
07/11/2019;66.89;66.89;66.89;66.89;;1.87%
07/10/2019;65.66;65.66;65.66;65.66;;3.32%
07/09/2019;63.55;63.55;63.55;63.55;;-0.92%
07/08/2019;64.14;64.14;64.14;64.14;;1.04%
07/05/2019;63.48;63.48;63.48;63.48;;0.97%
07/04/2019;62.87;62.87;62.87;62.87;;0.14%
07/03/2019;62.78;62.78;62.78;62.78;;1.31%
07/02/2019;61.97;61.97;61.97;61.97;;-3.40%
07/01/2019;64.15;64.15;64.15;64.15;;-3.20%
06/28/2019;66.27;66.27;66.27;66.27;;1.44%
06/27/2019;65.33;65.33;65.33;65.33;;0.74%
06/26/2019;64.85;64.85;64.85;64.85;;0.95%
06/25/2019;64.24;64.24;64.24;64.24;;1.71%
06/24/2019;63.16;63.16;63.16;63.16;;-1.30%
06/21/2019;63.99;63.99;63.99;63.99;;0.87%
06/20/2019;63.44;63.44;63.44;63.44;;4.26%
06/19/2019;60.85;60.85;60.85;60.85;;-0.81%
06/18/2019;61.35;61.35;61.35;61.35;;1.39%
06/17/2019;60.51;60.51;60.51;60.51;;-0.93%
06/14/2019;61.08;61.08;61.08;61.08;;-0.24%
06/13/2019;61.23;61.23;61.23;61.23;;1.69%
06/12/2019;60.21;60.21;60.21;60.21;;-3.06%
06/11/2019;62.11;62.11;62.11;62.11;;-1.51%
06/10/2019;63.06;63.06;63.06;63.06;;0.10%
06/07/2019;63.00;63.00;63.00;63.00;;2.16%
06/06/2019;61.67;61.67;61.67;61.67;;1.03%
06/05/2019;61.04;61.04;61.04;61.04;;-3.43%
06/04/2019;63.21;63.21;63.21;63.21;;0.64%
06/03/2019;62.81;62.81;62.81;62.81;;-7.20%
05/31/2019;67.68;67.68;67.68;67.68;;-3.93%
05/30/2019;70.45;70.45;70.45;70.45;;-1.52%
05/29/2019;71.54;71.54;71.54;71.54;;0.63%
05/28/2019;71.09;71.09;71.09;71.09;;3.21%
05/24/2019;68.88;68.88;68.88;68.88;;-0.56%
05/23/2019;69.27;69.27;69.27;69.27;;-4.90%
05/22/2019;72.84;72.84;72.84;72.84;;-1.35%
05/21/2019;73.84;73.84;73.84;73.84;;-0.36%
05/20/2019;74.11;74.11;74.11;74.11;;-0.98%
05/17/2019;74.84;74.84;74.84;74.84;;-1.01%
05/16/2019;75.60;75.60;75.60;75.60;;2.18%
05/15/2019;73.99;73.99;73.99;73.99;;0.76%
05/14/2019;73.43;73.43;73.43;73.43;;0.25%
05/13/2019;73.25;73.25;73.25;73.25;;0.99%
05/10/2019;72.53;72.53;72.53;72.53;;1.98%
05/09/2019;71.12;71.12;71.12;71.12;;-1.21%
05/08/2019;71.99;71.99;71.99;71.99;;0.49%
05/07/2019;71.64;71.64;71.64;71.64;;-1.66%
05/03/2019;72.85;72.85;72.85;72.85;;1.95%
05/02/2019;71.46;71.46;71.46;71.46;;-1.99%
05/01/2019;72.91;72.91;72.91;72.91;;-0.25%
04/30/2019;73.09;73.09;73.09;73.09;;1.34%
04/29/2019;72.12;72.12;72.12;72.12;;0.26%
04/26/2019;71.93;71.93;71.93;71.93;;-5.47%
04/25/2019;76.09;76.09;76.09;76.09;;1.67%
04/24/2019;74.84;74.84;74.84;74.84;;1.26%
04/23/2019;73.91;73.91;73.91;73.91;;3.65%
04/18/2019;71.31;71.31;71.31;71.31;;-0.60%
04/17/2019;71.74;71.74;71.74;71.74;;0.56%
04/16/2019;71.34;71.34;71.34;71.34;;-0.22%
04/15/2019;71.50;71.50;71.50;71.50;;-0.93%
04/12/2019;72.17;72.17;72.17;72.17;;0.24%
04/11/2019;72.00;72.00;72.00;72.00;;-0.46%
04/10/2019;72.33;72.33;72.33;72.33;;0.85%
04/09/2019;71.72;71.72;71.72;71.72;;-0.14%
04/08/2019;71.82;71.82;71.82;71.82;;1.68%
04/05/2019;70.63;70.63;70.63;70.63;;0.18%
04/04/2019;70.50;70.50;70.50;70.50;;0.84%
04/03/2019;69.91;69.91;69.91;69.91;;-0.67%
04/02/2019;70.38;70.38;70.38;70.38;;0.86%
04/01/2019;69.78;69.78;69.78;69.78;;1.68%
03/29/2019;68.63;68.63;68.63;68.63;;2.77%
03/28/2019;66.78;66.78;66.78;66.78;;-1.07%
03/27/2019;67.50;67.50;67.50;67.50;;-0.24%
03/26/2019;67.66;67.66;67.66;67.66;;0.21%
03/25/2019;67.52;67.52;67.52;67.52;;1.63%
03/22/2019;66.44;66.44;66.44;66.44;;-2.94%
03/21/2019;68.45;68.45;68.45;68.45;;-0.07%
03/20/2019;68.50;68.50;68.50;68.50;;1.81%
03/19/2019;67.28;67.28;67.28;67.28;;0.72%
03/18/2019;66.80;66.80;66.80;66.80;;1.04%
03/15/2019;66.11;66.11;66.11;66.11;;-0.11%
03/14/2019;66.18;66.18;66.18;66.18;;0.44%
03/13/2019;65.89;65.89;65.89;65.89;;0.86%
03/12/2019;65.33;65.33;65.33;65.33;;0.88%
03/11/2019;64.76;64.76;64.76;64.76;;2.26%
03/08/2019;63.33;63.33;63.33;63.33;;-1.84%
03/07/2019;64.52;64.52;64.52;64.52;;0.48%
03/06/2019;64.21;64.21;64.21;64.21;;0.42%
03/05/2019;63.94;63.94;63.94;63.94;;-0.31%
03/04/2019;64.14;64.14;64.14;64.14;;1.15%
03/01/2019;63.41;63.41;63.41;63.41;;-2.04%
02/28/2019;64.73;64.73;64.73;64.73;;-0.80%
02/27/2019;65.25;65.25;65.25;65.25;;1.46%
02/26/2019;64.31;64.31;64.31;64.31;;0.69%
02/25/2019;63.87;63.87;63.87;63.87;;-4.54%
02/22/2019;66.91;66.91;66.91;66.91;;0.00%
02/21/2019;66.91;66.91;66.91;66.91;;0.13%
02/20/2019;66.82;66.82;66.82;66.82;;1.46%
02/19/2019;65.86;65.86;65.86;65.86;;-0.83%
02/18/2019;66.41;66.41;66.41;66.41;;1.16%
02/15/2019;65.65;65.65;65.65;65.65;;2.58%
02/14/2019;64.00;64.00;64.00;64.00;;1.15%
02/13/2019;63.27;63.27;63.27;63.27;;1.10%
02/12/2019;62.58;62.58;62.58;62.58;;2.09%
02/11/2019;61.30;61.30;61.30;61.30;;-0.11%
02/08/2019;61.37;61.37;61.37;61.37;;0.59%
02/07/2019;61.01;61.01;61.01;61.01;;-2.18%
02/06/2019;62.37;62.37;62.37;62.37;;0.32%
02/05/2019;62.17;62.17;62.17;62.17;;-0.94%
02/04/2019;62.76;62.76;62.76;62.76;;0.64%
02/01/2019;62.36;62.36;62.36;62.36;;-0.95%
01/31/2019;62.96;62.96;62.96;62.96;;0.91%
01/30/2019;62.39;62.39;62.39;62.39;;1.23%
01/29/2019;61.63;61.63;61.63;61.63;;2.10%
01/28/2019;60.36;60.36;60.36;60.36;;-2.86%
01/25/2019;62.14;62.14;62.14;62.14;;0.65%
01/24/2019;61.74;61.74;61.74;61.74;;0.06%
01/23/2019;61.70;61.70;61.70;61.70;;0.24%
01/22/2019;61.55;61.55;61.55;61.55;;-1.76%
01/21/2019;62.65;62.65;62.65;62.65;;-0.06%
01/18/2019;62.69;62.69;62.69;62.69;;3.62%
01/17/2019;60.50;60.50;60.50;60.50;;0.07%
01/16/2019;60.46;60.46;60.46;60.46;;1.96%
01/15/2019;59.30;59.30;59.30;59.30;;-0.25%
01/14/2019;59.45;59.45;59.45;59.45;;-0.73%
01/11/2019;59.89;59.89;59.89;59.89;;-2.01%
01/10/2019;61.12;61.12;61.12;61.12;;1.68%
01/09/2019;60.11;60.11;60.11;60.11;;4.43%
01/08/2019;57.56;57.56;57.56;57.56;;-0.33%
01/07/2019;57.75;57.75;57.75;57.75;;2.59%
01/04/2019;56.29;56.29;56.29;56.29;;4.47%
01/03/2019;53.88;53.88;53.88;53.88;;-0.43%
01/02/2019;54.11;54.11;54.11;54.11;;6.89%
