Date,Crude,Gasoline,Jet Fuel,Diesel,Heating Oil,Propane
2019-01-02,52.14,1.825,1.742,1.837,1.759,0.886
2019-01-03,52.93,1.742,1.774,1.838,1.764,0.747
2019-01-04,55.13,2.0,1.891,1.999,1.949,0.784
2019-01-07,56.42,2.113,1.879,2.066,1.924,0.863
2019-01-08,56.09,2.166,2.021,2.136,1.999,0.943
2019-01-10,59.46,2.166,2.231,2.393,2.379,1.211
2019-01-11,60.0,2.279,2.149,2.363,2.245,1.226
2019-01-16,59.52,2.158,1.962,2.131,2.042,0.897
2019-01-17,59.63,2.134,1.959,2.128,2.039,0.912
2019-01-18,60.9,2.177,1.997,2.175,2.072,0.946
2019-01-21,61.49,2.194,2.037,2.205,2.102,0.974
2019-01-22,60.66,2.185,2.018,2.18,2.086,0.969
2019-01-23,60.52,2.178,2.027,2.168,2.076,0.969
2019-01-24,60.22,2.188,2.022,2.161,2.066,0.959
2019-01-25,60.9,2.195,2.022,2.175,2.079,0.985
2019-01-28,59.57,2.136,1.989,2.136,2.04,0.976
2019-01-29,59.71,2.11,1.986,2.122,2.026,0.997
2019-01-30,60.93,2.15,2.023,2.16,2.063,1.019
2019-01-31,61.19,2.134,2.022,2.128,2.039,1.028
2019-02-04,62.33,2.291,2.146,2.275,2.214,0.865
2019-02-05,62.07,2.215,2.103,2.207,2.127,0.921
2019-02-07,61.57,2.28,2.055,2.234,2.087,0.917
2019-02-08,61.37,2.408,2.215,2.352,2.205,1.06
2019-02-12,61.88,2.164,2.177,2.36,2.256,1.207
2019-02-13,62.94,2.1,2.063,2.215,2.115,1.188
2019-02-14,64.28,2.103,2.103,2.259,2.134,1.135
2019-02-15,64.87,2.12,2.134,2.277,2.191,1.109
2019-02-18,66.03,2.242,2.181,2.33,2.243,1.174
2019-02-19,65.79,2.233,2.224,2.316,2.216,1.157
2019-02-20,65.97,2.228,2.228,2.318,2.219,1.139
2019-02-21,66.5,2.247,2.24,2.316,2.218,1.113
2019-02-22,66.56,2.233,2.237,2.319,2.233,1.158
2019-02-25,65.36,2.215,2.194,2.269,2.184,1.152
2019-02-26,64.08,2.123,2.136,2.208,2.125,1.062
2019-02-27,64.97,2.133,2.178,2.259,2.178,1.025
2019-02-28,65.28,2.101,2.192,2.268,2.194,1.013
2019-03-04,64.86,2.41,2.24,2.375,2.311,0.882
2019-03-05,64.98,2.299,2.195,2.302,2.204,0.948
2019-03-06,65.04,2.432,2.201,2.364,2.254,1.0
2019-03-07,65.57,2.452,2.206,2.402,2.245,0.978
2019-03-12,66.3,2.305,2.308,2.514,2.39,1.293
2019-03-13,66.6,2.154,2.199,2.287,2.248,0.904
2019-03-14,67.29,2.195,2.25,2.34,2.302,0.94
2019-03-15,66.91,2.288,2.285,2.397,2.346,0.993
2019-03-18,66.87,2.355,2.3,2.413,2.352,1.033
2019-03-19,67.25,2.343,2.297,2.413,2.35,1.07
2019-03-20,67.54,2.336,2.261,2.418,2.367,1.095
2019-03-21,67.78,2.396,2.303,2.463,2.411,1.102
2019-03-22,66.67,2.316,2.236,2.4,2.339,1.004
2019-03-25,66.19,2.296,2.205,2.362,2.299,0.961
2019-03-26,67.03,2.327,2.239,2.382,2.335,0.957
2019-03-27,67.15,2.411,2.278,2.432,2.37,0.966
2019-03-28,66.38,2.411,2.292,2.43,2.365,0.982
2019-03-29,67.23,2.426,2.299,2.438,2.372,0.971
2019-04-02,68.83,2.356,2.282,2.403,2.304,1.19
2019-04-03,69.12,2.259,2.315,2.399,2.301,0.962
2019-04-04,68.76,2.528,2.343,2.474,2.412,0.965
2019-04-09,70.35,3.546,3.414,3.038,2.901,1.387
2019-04-10,70.31,2.676,2.675,2.867,2.756,1.478
2019-04-11,70.41,2.74,2.507,2.771,2.626,1.41
2019-04-12,70.44,2.461,2.505,2.685,2.568,1.388
2019-04-15,70.21,2.634,2.387,2.465,2.449,1.0
2019-04-16,70.11,2.545,2.381,2.504,2.427,1.003
2019-04-17,70.81,2.563,2.399,2.526,2.449,1.028
2019-04-18,70.83,2.541,2.39,2.515,2.438,1.028
2019-04-22,72.44,2.583,2.464,2.573,2.479,1.074
2019-04-23,73.37,2.623,2.501,2.614,2.517,1.098
2019-04-24,73.43,2.661,2.477,2.604,2.511,1.107
2019-04-25,74.04,2.7,2.528,2.661,2.563,1.111
2019-04-26,72.38,2.675,2.471,2.602,2.507,1.09
2019-04-29,71.07,2.633,2.414,2.539,2.445,1.037
2019-04-30,71.91,2.667,2.461,2.589,2.493,1.072
2019-05-02,70.98,2.407,2.34,2.464,2.364,1.254
2019-05-03,70.61,2.324,2.33,2.468,2.393,0.982
2019-05-06,70.23,2.643,2.338,2.52,2.4,1.06
2019-05-07,70.45,2.628,2.401,2.593,2.437,1.062
2019-05-08,69.88,2.683,2.516,2.67,2.505,1.222
2019-05-09,69.66,3.291,3.16,2.921,2.781,1.344
2019-05-13,71.21,2.572,2.395,2.56,2.457,1.116
2019-05-14,70.66,2.557,2.373,2.548,2.447,1.104
2019-05-15,71.26,2.564,2.396,2.574,2.485,1.128
2019-05-16,72.61,2.635,2.425,2.601,2.504,1.13
2019-05-17,72.57,2.641,2.421,2.601,2.505,1.098
2019-05-20,72.47,2.662,2.415,2.594,2.507,1.096
2019-05-21,71.71,2.598,2.36,2.538,2.454,1.082
2019-05-22,71.03,2.623,2.356,2.543,2.45,1.073
2019-05-23,68.56,2.518,2.289,2.457,2.379,1.043
2019-05-24,67.4,2.459,2.253,2.412,2.327,1.036
2019-05-27,67.42,2.482,2.27,2.425,2.342,1.031
2019-05-28,68.84,2.524,2.32,2.482,2.395,1.042
2019-05-29,67.75,2.478,2.283,2.446,2.367,1.006
2019-05-30,67.1,2.447,2.268,2.43,2.324,1.006
2019-05-31,64.15,2.394,2.195,2.353,2.248,0.995
2019-06-03,61.61,2.058,2.048,2.153,2.094,0.859
2019-06-05,61.04,2.113,2.029,2.138,2.041,0.883
2019-06-06,60.88,2.279,1.981,2.16,2.053,0.898
2019-06-11,62.56,2.419,2.225,2.43,2.297,1.192
2019-06-12,61.01,2.155,2.192,2.342,2.235,1.208
2019-06-13,61.51,2.244,1.985,2.187,2.063,0.903
2019-06-14,61.25,2.244,1.985,2.188,2.061,0.915
2019-06-17,61.6,2.214,1.979,2.171,2.048,0.931
2019-06-18,61.43,2.219,1.999,2.189,2.067,0.929
2019-06-19,62.21,2.212,2.037,2.239,2.108,0.947
2019-06-20,63.95,2.297,2.117,2.319,2.183,0.976
2019-06-21,65.29,2.357,2.17,2.38,2.241,0.995
2019-06-24,65.05,2.374,2.159,2.371,2.227,0.994
2019-06-25,64.79,2.366,2.18,2.388,2.242,0.994
2019-06-26,65.6,2.429,2.206,2.397,2.255,1.003
2019-06-27,65.61,2.471,2.219,2.409,2.267,1.002
2019-06-28,65.6,2.462,2.176,2.413,2.264,1.012
2019-07-02,63.95,2.135,2.086,2.205,2.104,1.146
2019-07-03,62.69,2.068,2.076,2.187,2.14,0.869
2019-07-05,63.55,2.209,2.107,2.224,2.122,0.905
2019-07-08,64.72,2.483,2.321,2.467,2.309,1.11
2019-07-10,66.1,2.534,2.498,2.678,2.573,1.407
2019-07-11,67.57,2.61,2.404,2.607,2.482,1.291
2019-07-15,66.79,2.57,2.282,2.481,2.32,1.072
2019-07-16,66.13,2.528,2.26,2.458,2.285,1.055
2019-07-17,64.6,2.499,2.23,2.417,2.262,1.027
2019-07-18,63.1,2.461,2.171,2.365,2.203,1.008
2019-07-19,62.93,2.466,2.202,2.357,2.194,1.02
2019-07-22,64.27,2.553,2.291,2.439,2.275,1.042
2019-07-23,63.92,2.547,2.286,2.433,2.27,1.062
2019-07-24,64.58,2.545,2.31,2.459,2.289,1.069
2019-07-25,64.55,2.504,2.294,2.439,2.275,1.068
2019-07-26,64.02,2.471,2.276,2.415,2.258,1.054
2019-07-29,63.79,2.418,2.276,2.409,2.255,1.065
2019-07-30,64.62,2.463,2.304,2.432,2.273,1.097
2019-07-31,65.53,2.513,2.355,2.486,2.327,1.1
2019-08-02,61.55,2.087,2.013,2.139,2.032,1.127
2019-08-05,60.41,2.142,2.006,2.145,2.043,0.875
2019-08-07,57.7,2.18,1.987,2.159,2.028,0.887
2019-08-08,57.38,2.204,2.054,2.179,2.048,0.973
2019-08-13,59.34,2.272,2.148,2.279,2.137,1.083
2019-08-14,59.88,2.302,2.167,2.304,2.156,1.093
2019-08-15,58.77,2.269,2.139,2.278,2.129,1.072
2019-08-16,59.03,2.286,2.131,2.28,2.131,1.057
2019-08-19,59.46,2.314,2.152,2.291,2.142,1.093
2019-08-20,59.94,2.362,2.182,2.304,2.156,1.091
2019-08-21,60.66,2.363,2.218,2.32,2.176,1.105
2019-08-22,60.5,2.367,2.215,2.296,2.149,1.108
2019-08-23,59.67,2.332,2.2,2.28,2.136,1.094
2019-08-26,59.18,2.311,2.201,2.277,2.128,1.08
2019-08-27,58.98,2.451,2.248,2.346,2.175,1.091
2019-08-28,60.16,2.474,2.264,2.364,2.191,1.13
2019-08-29,60.24,2.611,2.387,2.444,2.295,1.162
2019-08-30,60.11,2.721,2.419,2.503,2.254,1.158
2019-09-04,58.97,2.147,1.987,2.109,2.046,0.819
2019-09-05,60.58,2.15,2.0,2.139,2.048,0.901
2019-09-09,62.0,2.981,2.856,2.631,2.467,1.205
2019-09-10,62.74,2.369,2.347,2.525,2.362,1.374
2019-09-12,60.51,2.132,2.211,2.343,2.233,1.186
2019-09-13,60.02,2.554,2.517,2.39,2.257,1.226
2019-09-16,66.43,2.769,2.766,2.626,2.605,1.347
2019-09-17,67.88,2.883,2.703,2.808,2.664,1.37
2019-09-18,64.57,2.709,2.55,2.642,2.538,1.307
2019-09-19,64.39,2.667,2.546,2.65,2.511,1.314
2019-09-20,65.3,2.6,2.586,2.703,2.553,1.359
2019-09-23,64.51,2.549,2.555,2.669,2.523,1.361
2019-09-24,63.93,2.552,2.53,2.651,2.498,1.358
2019-09-25,62.35,2.527,2.405,2.569,2.434,1.341
2019-09-26,62.31,2.483,2.368,2.564,2.449,1.347
2019-09-27,62.51,2.363,2.345,2.549,2.407,1.328
2019-09-30,61.09,2.266,2.318,2.485,2.472,1.281
2019-10-04,58.62,2.137,1.973,2.097,1.949,0.816
2019-10-07,59.12,2.292,2.04,2.217,2.091,0.922
2019-10-09,58.68,2.909,2.77,2.549,2.39,1.189
2019-10-10,58.74,2.211,2.183,2.342,2.194,1.267
2019-10-14,59.95,2.257,2.216,2.407,2.248,1.3
2019-10-15,59.62,2.254,2.196,2.393,2.233,1.26
2019-10-16,59.28,2.22,2.186,2.383,2.239,1.229
2019-10-17,59.54,2.24,2.185,2.389,2.255,1.221
2019-10-18,60.06,2.278,2.191,2.397,2.26,1.213
2019-10-21,59.5,2.276,2.161,2.372,2.279,1.205
2019-10-22,59.78,2.324,2.22,2.403,2.3,1.192
2019-10-23,60.42,2.326,2.211,2.392,2.278,1.249
2019-10-24,61.63,2.418,2.255,2.468,2.364,1.244
2019-10-25,62.16,2.476,2.282,2.499,2.392,1.263
2019-10-28,61.65,2.458,2.287,2.5,2.369,1.326
2019-10-29,61.44,2.398,2.249,2.448,2.336,1.308
2019-10-30,61.24,2.373,2.235,2.447,2.327,1.282
2019-10-31,60.52,2.356,2.193,2.408,2.29,1.246
2019-11-04,62.0,2.283,2.111,2.226,2.076,0.857
2019-11-06,62.39,2.281,1.986,2.175,2.057,0.906
2019-11-07,62.32,2.429,2.148,2.337,2.184,0.978
2019-11-11,62.26,2.354,2.257,2.428,2.296,1.19
2019-11-12,62.82,2.194,2.307,2.44,2.342,1.176
2019-11-13,62.48,2.352,2.247,2.441,2.316,1.245
2019-11-14,63.0,2.359,2.264,2.46,2.333,1.266
2019-11-15,63.12,2.348,2.259,2.499,2.369,1.299
2019-11-18,63.44,2.345,2.289,2.514,2.395,1.316
2019-11-19,62.51,2.274,2.246,2.463,2.351,1.276
2019-11-20,62.22,2.263,2.235,2.452,2.34,1.27
2019-11-21,63.68,2.326,2.287,2.485,2.371,1.288
2019-11-22,64.56,2.313,2.273,2.474,2.363,1.283
2019-11-25,64.21,2.283,2.259,2.441,2.326,1.253
2019-11-26,63.92,2.309,2.276,2.46,2.344,1.288
2019-11-27,64.4,2.295,2.296,2.483,2.372,1.284
2019-11-28,63.94,2.273,2.285,2.47,2.354,1.269
2019-11-29,63.83,2.255,2.24,2.42,2.304,1.253
2019-12-02,62.5,2.103,2.047,2.199,2.114,1.232
2019-12-03,62.57,1.956,2.023,2.13,2.086,0.827
2019-12-04,63.39,2.305,2.154,2.272,2.118,0.902
2019-12-06,65.24,2.38,2.098,2.32,2.185,0.96
2019-12-09,65.57,3.124,2.767,2.739,2.59,1.344
2019-12-11,65.38,2.516,2.358,2.562,2.431,1.297
2019-12-12,65.81,2.257,2.399,2.546,2.439,1.225
2019-12-13,66.76,2.309,2.396,2.567,2.464,1.2
2019-12-16,67.22,2.279,2.388,2.561,2.456,1.225
2019-12-17,67.48,2.308,2.43,2.606,2.498,1.249
2019-12-18,67.77,2.338,2.474,2.623,2.512,1.261
2019-12-19,67.93,2.383,2.441,2.609,2.501,1.291
2019-12-20,68.0,2.385,2.437,2.604,2.497,1.291
2019-12-23,67.58,2.39,2.439,2.614,2.514,1.288
2019-12-24,67.99,2.392,2.501,2.672,2.571,1.3
2019-12-26,68.48,2.407,2.505,2.671,2.575,1.297
2019-12-27,69.07,2.43,2.547,2.714,2.619,1.292
2019-12-30,68.89,2.397,2.495,2.71,2.612,1.288
2019-12-31,67.96,2.32,2.464,2.664,2.567,1.279
2020-01-06,70.87,2.547,2.634,2.699,2.653,1.097
2020-01-07,69.6,2.293,2.354,2.398,2.367,1.053
2020-01-09,67.24,2.313,2.477,2.544,2.509,1.209
2020-01-10,67.02,2.212,2.433,2.512,2.493,1.058
2020-01-13,66.07,2.236,2.292,2.455,2.395,1.099
2020-01-14,65.63,2.247,2.274,2.434,2.369,1.105
2020-01-15,65.32,2.262,2.257,2.419,2.351,1.102
2020-01-16,65.62,2.279,2.288,2.452,2.38,1.093
2020-01-17,65.58,2.308,2.31,2.425,2.369,1.026
2020-01-20,66.11,2.324,2.355,2.461,2.398,0.997
2020-01-21,65.26,2.263,2.285,2.397,2.334,0.983
2020-01-22,64.66,2.228,2.266,2.379,2.307,0.927
2020-01-23,63.26,2.194,2.228,2.335,2.266,0.903
2020-01-24,62.52,2.183,2.185,2.288,2.22,0.911
2020-01-27,61.98,2.151,2.17,2.277,2.213,0.941
2020-01-28,60.67,2.115,2.117,2.227,2.157,0.935
2020-01-29,61.04,2.074,2.12,2.227,2.147,0.912
2020-01-30,58.8,1.992,2.005,2.124,2.026,0.867
2020-01-31,58.94,2.003,2.021,2.135,2.037,0.837
2020-02-03,55.53,1.875,1.896,1.955,1.881,0.768
2020-02-04,54.68,1.882,1.934,1.987,1.947,0.757
2020-02-06,55.74,1.998,2.061,2.107,2.075,0.865
2020-02-07,55.13,1.833,1.88,1.9,1.873,0.848
2020-02-10,54.21,1.769,1.971,2.043,2.028,0.846
2020-02-11,54.2,1.738,2.13,2.234,2.219,0.754
2020-02-12,55.59,1.854,2.156,2.289,2.274,0.859
2020-02-13,55.9,1.86,1.896,1.986,1.906,0.87
2020-02-14,56.77,1.884,1.94,2.03,1.922,0.884
2020-02-17,57.28,1.908,1.958,2.052,1.942,0.891
2020-02-18,56.72,1.876,1.935,2.022,1.921,0.868
2020-02-19,58.39,1.96,2.007,2.08,1.988,0.883
2020-02-20,58.98,1.986,2.04,2.11,2.019,0.986
2020-02-21,58.21,1.961,2.018,2.086,2.006,0.893
2020-02-24,56.14,1.885,1.946,1.983,1.908,0.851
2020-02-25,55.91,2.032,1.924,1.98,1.906,0.796
2020-02-26,54.04,1.795,1.842,1.901,1.835,0.767
2020-02-27,51.92,1.714,1.74,1.8,1.714,0.726
2020-02-28,50.19,1.655,1.693,1.742,1.66,0.705
2020-03-02,51.68,1.741,1.769,1.868,1.786,0.716
2020-03-03,52.66,1.764,1.794,1.869,1.797,0.738
2020-03-04,52.01,1.792,1.831,1.877,1.844,0.712
2020-03-06,48.35,1.719,1.774,1.818,1.791,0.754
2020-03-09,34.72,1.196,1.255,1.283,1.267,0.609
2020-03-11,35.56,1.149,1.389,1.461,1.451,0.499
2020-03-12,33.27,1.112,1.307,1.388,1.379,0.524
2020-03-13,34.14,1.134,1.147,1.205,1.171,0.498
2020-03-16,30.63,1.026,1.043,1.09,1.072,0.443
2020-03-17,30.36,1.026,1.035,1.075,1.064,0.437
2020-03-18,27.31,0.913,0.927,0.962,0.946,0.395
2020-03-19,26.73,0.889,0.911,0.945,0.924,0.387
2020-03-20,28.57,0.953,0.976,1.013,0.99,0.408
2020-03-23,24.72,0.84,0.864,0.892,0.869,0.358
2020-03-24,26.53,0.911,0.92,0.951,0.927,0.377
2020-03-25,26.94,0.928,0.941,0.974,0.954,0.378
2020-03-26,26.04,0.892,0.913,0.943,0.921,0.363
2020-03-27,24.26,0.833,0.847,0.874,0.853,0.338
2020-03-30,21.66,0.741,0.752,0.777,0.758,0.288
2020-03-31,22.61,0.778,0.8,0.819,0.803,0.308
2020-04-02,18.91,0.638,0.644,0.68,0.649,0.265
2020-04-03,23.01,0.748,0.768,0.799,0.766,0.326
2020-04-06,23.48,0.823,0.858,0.879,0.864,0.361
2020-04-08,21.19,0.744,0.756,0.772,0.762,0.347
2020-04-09,21.77,0.751,0.794,0.813,0.803,0.385
2020-04-13,21.18,0.732,0.732,0.756,0.744,0.296
2020-04-14,19.7,0.686,0.687,0.706,0.692,0.275
2020-04-15,17.51,0.615,0.615,0.632,0.62,0.25
2020-04-16,17.73,0.624,0.622,0.644,0.633,0.256
2020-04-17,18.17,0.634,0.635,0.659,0.647,0.269
2020-04-20,14.19,0.499,0.499,0.518,0.509,0.218
2020-04-21,14.63,0.514,0.515,0.532,0.52,0.231
2020-04-22,12.22,0.427,0.43,0.445,0.436,0.197
2020-04-23,15.23,0.534,0.534,0.553,0.54,0.236
2020-04-24,14.31,0.492,0.5,0.517,0.506,0.218
2020-04-27,13.3,0.458,0.462,0.477,0.468,0.198
2020-04-28,12.41,0.423,0.431,0.445,0.436,0.18
2020-04-29,14.36,0.484,0.494,0.511,0.501,0.204
2020-04-30,18.05,0.628,0.639,0.66,0.648,0.257
2020-05-05,21.43,0.745,0.755,0.781,0.767,0.31
2020-05-06,22.4,0.796,0.825,0.842,0.833,0.341
2020-05-08,22.21,0.78,0.795,0.814,0.802,0.362
2020-05-11,22.71,0.753,0.92,0.976,0.967,0.341
2020-05-13,23.25,0.816,0.817,0.848,0.833,0.348
2020-05-14,24.93,0.876,0.875,0.909,0.893,0.374
2020-05-15,26.54,0.934,0.944,0.976,0.96,0.401
2020-05-18,28.21,0.998,1.007,1.039,1.024,0.435
2020-05-19,28.43,1.015,1.028,1.064,1.046,0.447
2020-05-20,28.68,1.026,1.042,1.083,1.063,0.453
2020-05-21,29.7,1.062,1.084,1.124,1.101,0.465
2020-05-22,28.06,1.008,1.039,1.073,1.049,0.457
2020-05-26,29.75,1.083,1.103,1.134,1.115,0.478
2020-05-27,29.03,1.062,1.084,1.114,1.094,0.462
2020-05-28,28.45,1.02,1.042,1.068,1.051,0.441
2020-05-29,29.01,1.042,1.076,1.104,1.086,0.445
2020-06-01,33.69,1.144,1.209,1.285,1.255,0.592
2020-06-02,34.96,1.193,1.199,1.262,1.211,0.553
2020-06-03,35.47,1.18,1.203,1.253,1.225,0.535
2020-06-04,34.85,1.19,1.214,1.247,1.224,0.475
2020-06-05,36.84,1.286,1.313,1.356,1.327,0.54
2020-06-08,38.89,1.376,1.395,1.418,1.402,0.632
2020-06-10,37.46,1.213,1.344,1.395,1.382,0.585
2020-06-11,36.56,1.207,1.447,1.549,1.534,0.546
2020-06-15,35.09,1.207,1.24,1.279,1.259,0.515
2020-06-16,36.75,1.231,1.261,1.302,1.281,0.523
2020-06-17,37.59,1.236,1.266,1.303,1.284,0.527
2020-06-18,37.7,1.162,1.195,1.229,1.21,0.507
2020-06-19,39.45,1.211,1.24,1.272,1.25,0.527
2020-06-22,38.96,1.263,1.291,1.328,1.302,0.555
2020-06-23,39.85,1.309,1.328,1.362,1.34,0.58
2020-06-24,38.17,1.236,1.248,1.281,1.258,0.557
2020-06-25,37.18,1.205,1.214,1.247,1.23,0.548
2020-06-26,37.99,1.26,1.27,1.309,1.291,0.579
2020-06-29,37.34,1.205,1.237,1.266,1.247,0.556
2020-06-30,38.22,1.256,1.281,1.304,1.291,0.57
2020-07-01,42.69,1.453,1.518,1.612,1.571,0.737
2020-07-02,42.93,1.439,1.45,1.533,1.471,0.74
2020-07-07,43.15,1.443,1.459,1.487,1.466,0.638
2020-07-08,43.44,1.544,1.581,1.602,1.583,0.713
2020-07-09,43.31,1.469,1.56,1.596,1.575,0.764
2020-07-10,43.47,1.431,1.567,1.626,1.611,0.698
2020-07-13,43.38,1.452,1.474,1.506,1.477,0.637
2020-07-14,43.02,1.434,1.452,1.482,1.455,0.639
2020-07-15,44.12,1.549,1.554,1.584,1.557,0.697
2020-07-16,43.8,1.478,1.49,1.518,1.491,0.673
2020-07-17,43.22,1.467,1.479,1.505,1.479,0.685
2020-07-20,43.03,1.479,1.481,1.501,1.481,0.673
2020-07-21,44.29,1.59,1.572,1.6,1.579,0.72
2020-07-22,44.24,1.524,1.523,1.549,1.529,0.699
2020-07-23,44.62,1.547,1.552,1.568,1.55,0.701
2020-07-24,43.38,1.499,1.502,1.52,1.502,0.679
2020-07-27,43.14,1.498,1.511,1.53,1.509,0.679
2020-07-28,43.4,1.522,1.534,1.552,1.532,0.687
2020-07-29,43.59,1.515,1.534,1.554,1.532,0.703
2020-07-30,42.99,1.516,1.522,1.545,1.524,0.703
2020-07-31,43.02,1.507,1.537,1.561,1.538,0.707
2020-08-04,44.27,1.549,1.547,1.6,1.567,0.626
2020-08-05,45.34,1.612,1.61,1.669,1.632,0.701
2020-08-06,45.17,1.58,1.639,1.674,1.653,0.682
2020-08-07,44.87,1.494,1.526,1.556,1.533,0.664
2020-08-10,45.01,1.493,1.658,1.723,1.709,0.732
2020-08-12,45.08,1.517,1.771,1.88,1.864,0.708
2020-08-13,45.34,1.583,1.616,1.644,1.623,0.746
2020-08-14,44.62,1.587,1.614,1.64,1.621,0.744
2020-08-17,44.94,1.566,1.599,1.628,1.607,0.735
2020-08-18,45.49,1.583,1.622,1.65,1.629,0.758
2020-08-19,45.19,1.574,1.629,1.647,1.623,0.752
2020-08-20,45.05,1.586,1.648,1.674,1.651,0.766
2020-08-21,44.92,1.574,1.637,1.665,1.645,0.766
2020-08-24,45.19,1.596,1.63,1.662,1.639,0.768
2020-08-25,45.87,1.627,1.655,1.692,1.673,0.784
2020-08-26,46.05,1.622,1.668,1.702,1.679,0.8
2020-08-27,45.81,1.594,1.681,1.716,1.691,0.809
2020-08-28,45.33,1.575,1.657,1.701,1.681,0.811
2020-08-31,46.27,1.622,1.702,1.743,1.723,0.827
2020-09-01,45.3,1.523,1.594,1.69,1.652,0.735
2020-09-03,43.36,1.463,1.472,1.539,1.502,0.652
2020-09-04,43.42,1.512,1.5,1.549,1.519,0.618
2020-09-07,41.64,1.398,1.425,1.455,1.43,0.616
2020-09-09,39.82,1.365,1.414,1.464,1.448,0.697
2020-09-10,39.83,1.307,1.48,1.534,1.524,0.636
2020-09-11,39.37,1.321,1.578,1.669,1.654,0.62
2020-09-14,38.96,1.316,1.361,1.406,1.39,0.661
2020-09-15,39.35,1.314,1.37,1.414,1.398,0.654
2020-09-16,41.29,1.381,1.44,1.489,1.473,0.684
2020-09-17,42.07,1.426,1.493,1.549,1.533,0.703
2020-09-18,42.98,1.468,1.531,1.589,1.574,0.726
2020-09-21,41.49,1.407,1.478,1.534,1.52,0.706
2020-09-22,41.32,1.384,1.467,1.521,1.506,0.694
2020-09-23,41.4,1.396,1.468,1.518,1.503,0.681
2020-09-24,41.22,1.377,1.455,1.509,1.495,0.66
2020-09-25,41.93,1.418,1.498,1.554,1.541,0.67
2020-09-28,41.61,1.398,1.483,1.539,1.526,0.67
2020-09-29,41.46,1.396,1.486,1.536,1.521,0.668
2020-09-30,40.65,1.345,1.461,1.509,1.496,0.649
2020-10-01,39.94,1.349,1.393,1.491,1.455,0.66
2020-10-02,38.09,1.278,1.285,1.358,1.307,0.609
2020-10-06,40.33,1.401,1.46,1.501,1.478,0.606
2020-10-07,40.45,1.365,1.388,1.416,1.392,0.601
2020-10-08,41.06,1.452,1.497,1.511,1.491,0.678
2020-10-09,41.61,1.412,1.464,1.509,1.494,0.712
2020-10-12,40.57,1.383,1.653,1.75,1.735,0.626
2020-10-13,40.68,1.341,1.518,1.571,1.561,0.62
2020-10-14,41.2,1.363,1.541,1.6,1.588,0.586
2020-10-15,41.29,1.336,1.539,1.596,1.584,0.609
2020-10-16,41.37,1.331,1.551,1.609,1.597,0.607
2020-10-19,41.38,1.339,1.563,1.622,1.61,0.599
2020-10-20,41.04,1.335,1.543,1.605,1.591,0.609
2020-10-21,40.88,1.338,1.544,1.608,1.595,0.611
2020-10-22,40.91,1.32,1.555,1.622,1.61,0.614
2020-10-23,41.05,1.318,1.567,1.629,1.618,0.606
2020-10-26,39.22,1.26,1.491,1.549,1.538,0.581
2020-10-27,39.53,1.255,1.519,1.577,1.562,0.589
2020-10-28,38.42,1.247,1.498,1.556,1.545,0.576
2020-10-29,37.12,1.185,1.486,1.551,1.538,0.533
2020-10-30,36.5,1.185,1.429,1.501,1.491,0.525
2020-11-02,35.89,1.195,1.218,1.28,1.229,0.573
2020-11-03,38.44,1.287,1.292,1.355,1.319,0.571
2020-11-05,39.79,1.412,1.421,1.472,1.444,0.626
2020-11-06,39.22,1.376,1.426,1.471,1.449,0.592
2020-11-09,39.97,1.35,1.401,1.445,1.428,0.675
2020-11-11,43.42,1.466,1.755,1.856,1.842,0.678
2020-11-12,42.97,1.498,1.786,1.908,1.892,0.698
2020-11-13,42.05,1.422,1.671,1.778,1.767,0.685
2020-11-16,42.93,1.444,1.719,1.819,1.804,0.701
2020-11-17,42.76,1.438,1.711,1.803,1.791,0.671
2020-11-18,43.05,1.466,1.675,1.767,1.756,0.669
2020-11-19,43.12,1.476,1.687,1.786,1.774,0.669
2020-11-20,43.38,1.436,1.685,1.782,1.767,0.673
2020-11-23,44.75,1.468,1.731,1.83,1.815,0.714
2020-11-24,45.51,1.517,1.781,1.88,1.863,0.739
2020-11-25,46.91,1.596,1.851,1.952,1.936,0.752
2020-11-30,46.43,1.573,1.808,1.906,1.891,0.739
2020-12-02,46.69,1.556,1.573,1.652,1.586,0.707
2020-12-03,47.46,1.582,1.597,1.679,1.64,0.694
2020-12-08,47.79,1.685,1.717,1.745,1.721,0.792
2020-12-10,48.87,1.618,1.811,1.876,1.863,0.76
2020-12-11,49.58,1.649,1.949,2.069,2.055,0.764
2020-12-14,49.65,1.711,2.037,2.182,2.155,0.805
2020-12-15,49.61,1.731,2.032,2.171,2.145,0.805
2020-12-16,50.12,1.784,2.068,2.211,2.182,0.84
2020-12-17,50.78,1.769,2.023,2.151,2.125,0.821
2020-12-18,50.69,1.755,2.023,2.146,2.124,0.807
2020-12-21,49.57,1.707,2.014,2.112,2.085,0.765
2020-12-22,49.22,1.669,2.028,2.107,2.078,0.753
2020-12-23,49.46,1.644,2.02,2.125,2.067,0.734
2020-12-24,50.31,1.649,2.051,2.126,2.089,0.733
2020-12-28,50.1,1.632,2.012,2.073,2.038,0.726
2020-12-29,50.16,1.622,2.027,2.085,2.054,0.737
2020-12-30,50.22,1.631,2.05,2.112,2.077,0.775
2020-12-31,50.24,1.623,2.063,2.126,2.089,0.787
2021-01-04,51.35,1.895,1.821,1.902,1.876,0.62
2021-01-06,53.29,1.905,2.044,2.066,2.04,0.54
2021-01-07,53.84,2.048,2.071,2.046,2.015,0.525
2021-01-11,54.76,1.917,2.015,2.129,2.111,0.57
2021-01-12,55.41,1.816,1.983,2.103,2.08,0.558
2021-01-13,55.81,1.718,2.205,2.279,2.248,0.824
2021-01-14,55.19,1.685,2.177,2.231,2.199,0.806
2021-01-15,54.68,1.662,2.182,2.23,2.198,0.789
2021-01-19,54.85,1.646,2.2,2.243,2.213,0.789
2021-01-20,55.75,1.702,2.199,2.239,2.205,0.805
2021-01-21,55.14,1.661,2.168,2.201,2.166,0.813
2021-01-22,54.69,1.664,2.121,2.174,2.14,0.796
2021-01-25,54.85,1.697,2.157,2.203,2.165,0.786
2021-01-26,54.87,1.712,2.181,2.228,2.19,0.78
2021-01-27,55.31,1.751,2.207,2.251,2.213,0.755
2021-01-28,54.36,1.742,2.197,2.252,2.217,0.716
2021-01-29,54.41,1.77,2.21,2.261,2.225,0.72
2021-02-02,56.82,1.817,2.269,2.342,2.306,0.788
2021-02-03,57.74,2.06,2.215,2.337,2.312,0.81
2021-02-08,59.59,2.115,2.217,2.262,2.229,0.504
2021-02-09,60.3,2.117,2.287,2.375,2.365,0.539
2021-02-11,60.55,2.113,2.231,2.343,2.335,0.633
2021-02-12,60.79,2.012,2.169,2.305,2.275,0.612
2021-02-16,62.49,2.094,2.475,2.563,2.52,0.903
2021-02-17,63.06,2.166,2.53,2.617,2.577,0.907
2021-02-18,63.44,2.173,2.503,2.585,2.547,0.888
2021-02-19,61.32,2.07,2.41,2.499,2.455,0.838
2021-02-22,62.01,2.271,2.461,2.554,2.509,0.857
2021-02-23,63.73,2.159,2.48,2.605,2.557,0.881
2021-02-24,64.0,2.193,2.49,2.626,2.576,0.892
2021-02-25,65.42,2.298,2.551,2.698,2.66,0.923
2021-02-26,64.37,2.265,2.482,2.626,2.594,0.902
2021-03-02,61.94,2.007,2.481,2.563,2.523,0.86
2021-03-03,62.12,2.203,2.366,2.491,2.466,0.864
2021-03-05,67.03,2.422,2.498,2.567,2.539,0.779
2021-03-08,68.17,2.393,2.518,2.569,2.532,0.57
2021-03-09,66.38,2.325,2.515,2.623,2.591,0.593
2021-03-11,67.39,2.334,2.493,2.619,2.609,0.712
2021-03-12,68.14,2.249,2.457,2.603,2.57,0.681
2021-03-15,68.18,2.535,2.507,2.614,2.582,0.85
2021-03-16,66.89,2.48,2.499,2.596,2.569,0.829
2021-03-17,66.76,2.456,2.456,2.553,2.526,0.822
2021-03-18,64.79,2.317,2.387,2.487,2.455,0.8
2021-03-19,62.47,2.21,2.299,2.388,2.364,0.773
2021-03-22,63.22,2.212,2.29,2.38,2.355,0.773
2021-03-23,62.27,2.137,2.228,2.314,2.291,0.744
2021-03-24,61.61,2.113,2.189,2.28,2.253,0.725
2021-03-25,61.63,2.235,2.191,2.282,2.254,0.701
2021-03-26,62.56,2.263,2.24,2.33,2.301,0.716
2021-03-29,62.86,2.282,2.253,2.342,2.313,0.708
2021-03-30,63.37,2.273,2.24,2.329,2.297,0.72
2021-03-31,63.07,2.286,2.23,2.318,2.292,0.737
2021-04-01,61.75,1.986,2.474,2.559,2.529,0.929
2021-04-05,61.68,2.216,2.292,2.359,2.33,0.733
2021-04-06,61.31,2.26,2.401,2.432,2.408,0.556
2021-04-08,61.2,2.153,2.265,2.292,2.259,0.5
2021-04-13,61.85,2.325,2.189,2.286,2.254,0.688
2021-04-14,63.39,2.363,2.236,2.334,2.302,0.73
2021-04-15,64.48,2.404,2.266,2.356,2.328,0.736
2021-04-16,65.21,2.435,2.325,2.414,2.382,0.774
2021-04-19,65.1,2.457,2.316,2.418,2.385,0.772
2021-04-20,65.36,2.459,2.335,2.443,2.409,0.757
2021-04-21,64.02,2.367,2.295,2.397,2.366,0.73
2021-04-22,63.06,2.281,2.289,2.386,2.354,0.705
2021-04-23,63.63,2.376,2.342,2.452,2.413,0.699
2021-04-26,63.22,2.312,2.319,2.422,2.401,0.701
2021-04-27,63.91,2.299,2.35,2.448,2.424,0.689
2021-04-28,64.53,2.277,2.362,2.453,2.429,0.713
2021-04-29,65.71,2.333,2.416,2.501,2.476,0.718
2021-04-30,65.42,2.343,2.415,2.489,2.467,0.738
2021-05-03,65.09,2.339,2.42,2.528,2.503,0.885
2021-05-04,66.67,2.471,2.394,2.5,2.466,0.809
2021-05-05,68.2,2.437,2.534,2.603,2.578,0.792
2021-05-10,67.1,2.479,2.653,2.77,2.728,0.668
2021-05-11,66.39,2.314,2.448,2.585,2.562,0.715
2021-05-13,66.78,2.398,2.481,2.553,2.518,0.694
2021-05-14,66.16,2.439,2.514,2.597,2.559,0.685
2021-05-17,67.52,2.493,2.583,2.639,2.602,0.705
2021-05-18,68.39,2.525,2.617,2.673,2.636,0.714
2021-05-19,65.95,2.42,2.496,2.565,2.529,0.713
2021-05-20,65.29,2.384,2.453,2.516,2.481,0.689
2021-05-21,64.18,2.354,2.451,2.496,2.464,0.706
2021-05-24,66.93,2.485,2.593,2.642,2.603,0.727
2021-05-25,67.41,2.363,2.564,2.622,2.586,0.696
2021-05-26,67.47,2.377,2.589,2.642,2.599,0.644
2021-05-27,67.32,2.445,2.609,2.659,2.617,0.628
2021-05-28,68.2,2.48,2.652,2.689,2.652,0.671
2021-06-01,69.03,2.23,2.766,2.876,2.835,1.038
2021-06-04,70.23,2.589,2.5,2.614,2.584,0.845
2021-06-07,70.15,2.596,2.669,2.645,2.598,0.671
2021-06-08,69.83,2.423,2.605,2.641,2.605,0.542
2021-06-10,70.9,2.632,2.796,2.922,2.877,0.706
2021-06-14,71.99,2.582,2.703,2.739,2.706,0.664
2021-06-15,72.05,2.667,2.722,2.762,2.725,0.683
2021-06-16,73.16,2.667,2.728,2.769,2.73,0.678
2021-06-17,72.29,2.69,2.715,2.767,2.735,0.675
2021-06-18,71.56,2.688,2.681,2.733,2.691,0.688
2021-06-21,72.45,2.688,2.696,2.744,2.695,0.687
2021-06-22,73.13,2.764,2.728,2.79,2.74,0.699
2021-06-23,74.01,2.735,2.767,2.817,2.767,0.698
2021-06-24,74.09,2.877,2.841,2.879,2.833,0.685
2021-06-25,74.19,2.869,2.807,2.844,2.784,0.715
2021-06-28,73.84,2.803,2.761,2.798,2.754,0.703
2021-06-29,73.34,2.823,2.769,2.806,2.762,0.686
2021-06-30,73.6,2.796,2.786,2.775,2.737,0.709
2021-07-01,74.87,2.371,2.949,3.065,3.025,1.1
2021-07-05,75.71,2.781,2.867,2.94,2.911,0.834
2021-07-06,75.94,2.821,2.953,2.998,2.948,0.694
2021-07-07,73.58,2.789,2.806,2.814,2.768,0.731
2021-07-09,74.18,2.627,2.801,2.949,2.902,0.664
2021-07-12,74.33,2.422,2.656,2.825,2.793,0.751
2021-07-13,75.13,2.808,2.938,2.937,2.898,0.77
2021-07-14,75.29,2.825,2.94,2.935,2.897,0.765
2021-07-15,73.15,2.775,2.867,2.865,2.823,0.752
2021-07-16,72.84,2.797,2.841,2.853,2.812,0.732
2021-07-19,70.54,2.701,2.753,2.756,2.713,0.706
2021-07-20,70.5,2.65,2.725,2.727,2.684,0.696
2021-07-21,69.93,2.615,2.706,2.699,2.658,0.684
2021-07-22,72.09,2.659,2.759,2.778,2.721,0.63
2021-07-23,73.03,2.776,2.912,2.912,2.865,0.694
2021-07-26,72.68,2.678,2.781,2.799,2.758,0.668
2021-07-27,73.62,2.687,2.816,2.839,2.78,0.64
2021-07-28,73.57,2.685,2.836,2.876,2.829,0.715
2021-07-29,74.42,2.778,2.917,2.967,2.925,0.649
2021-07-30,74.98,2.733,2.872,2.916,2.867,0.656
2021-08-02,73.89,2.49,3.084,3.087,3.038,1.015
2021-08-03,72.71,2.62,2.695,2.805,2.781,0.979
2021-08-04,71.83,2.656,2.567,2.689,2.655,0.817
2021-08-06,71.3,2.658,2.802,2.846,2.807,0.684
2021-08-09,70.66,2.394,2.54,2.664,2.664,0.648
2021-08-10,70.13,2.627,2.825,2.956,2.933,0.699
2021-08-11,70.52,2.434,2.582,2.768,2.732,0.76
2021-08-12,71.32,2.322,2.545,2.704,2.67,0.696
2021-08-13,70.9,2.496,2.673,2.71,2.655,0.56
2021-08-16,69.65,2.475,2.647,2.684,2.627,0.612
2021-08-17,69.4,2.458,2.641,2.674,2.644,0.623
2021-08-18,69.32,2.428,2.593,2.625,2.596,0.62
2021-08-19,66.08,2.345,2.486,2.529,2.482,0.586
2021-08-20,66.13,2.292,2.463,2.504,2.457,0.57
2021-08-23,67.33,2.31,2.546,2.567,2.532,0.583
2021-08-24,69.71,2.392,2.636,2.658,2.622,0.604
2021-08-25,70.59,2.26,2.686,2.709,2.671,0.611
2021-08-26,70.75,2.42,2.644,2.727,2.705,0.627
2021-08-27,71.48,2.444,2.665,2.748,2.726,0.642
2021-08-30,71.88,2.505,2.68,2.772,2.753,0.637
2021-08-31,71.43,2.45,2.635,2.731,2.716,0.639
2021-09-02,71.63,2.378,2.928,2.925,2.881,1.022
2021-09-03,72.56,2.634,2.663,2.773,2.748,0.967
2021-09-06,71.29,2.628,2.786,2.829,2.789,0.655
2021-09-07,71.34,2.718,2.796,2.796,2.751,0.761
2021-09-08,71.17,2.476,2.641,2.7,2.644,0.545
2021-09-09,71.82,2.509,2.673,2.792,2.771,0.669
2021-09-13,72.77,2.615,2.799,2.915,2.894,0.647
2021-09-14,73.29,2.603,2.848,2.91,2.889,0.674
2021-09-15,73.78,2.575,2.808,2.881,2.86,0.669
2021-09-16,74.17,2.606,2.843,2.92,2.898,0.671
2021-09-17,74.14,2.61,2.876,2.958,2.932,0.693
2021-09-20,73.47,2.649,2.857,2.939,2.908,0.706
2021-09-21,73.68,2.656,2.882,2.95,2.92,0.697
2021-09-22,74.46,2.702,2.932,3.013,2.981,0.719
2021-09-23,75.44,2.718,2.994,3.083,3.051,0.711
2021-09-24,76.21,2.812,3.025,3.117,3.078,0.709
2021-09-27,77.73,2.818,3.116,3.213,3.184,0.739
2021-09-28,78.37,2.854,3.15,3.244,3.207,0.74
2021-09-29,77.13,2.814,3.12,3.218,3.184,0.787
2021-09-30,77.72,2.841,3.139,3.236,3.202,0.803
2021-10-05,80.44,2.918,3.011,3.083,3.048,0.875
2021-10-06,80.63,2.916,3.094,3.14,3.097,0.737
2021-10-08,81.54,2.813,3.006,3.038,2.993,0.627
2021-10-11,82.53,2.803,2.957,3.187,3.149,0.884
2021-10-12,82.37,2.687,2.991,3.168,3.129,0.809
2021-10-13,81.79,3.072,3.308,3.467,3.435,0.819
2021-10-14,82.5,3.008,3.292,3.423,3.411,0.824
2021-10-15,83.54,3.018,3.265,3.399,3.382,0.791
2021-10-18,84.04,3.044,3.307,3.441,3.424,0.799
2021-10-19,83.48,3.018,3.237,3.368,3.355,0.795
2021-10-20,83.3,3.074,3.239,3.387,3.375,0.81
2021-10-21,83.36,3.103,3.241,3.392,3.381,0.814
2021-10-22,83.4,3.078,3.198,3.356,3.338,0.88
2021-10-25,84.66,3.102,3.244,3.405,3.392,0.919
2021-10-26,84.52,3.027,3.219,3.347,3.339,0.885
2021-10-27,83.72,3.054,3.126,3.34,3.311,0.88
2021-10-28,82.41,2.984,3.1,3.266,3.242,0.849
2021-10-29,82.87,2.94,3.111,3.286,3.26,0.867
2021-11-01,82.55,2.59,3.3,3.426,3.386,1.229
2021-11-02,83.43,2.812,3.317,3.413,3.363,1.196
2021-11-03,81.64,2.955,3.003,3.125,3.094,1.037
2021-11-05,80.16,2.858,2.955,3.035,3.0,0.847
2021-11-08,82.39,2.872,3.075,3.105,3.059,0.634
2021-11-10,83.75,3.126,3.367,3.519,3.496,0.84
2021-11-11,81.99,2.848,2.961,3.201,3.162,0.898
2021-11-15,80.9,2.787,2.914,3.102,3.07,0.893
2021-11-16,82.01,2.834,3.013,3.175,3.148,0.904
2021-11-17,81.1,2.792,2.986,3.147,3.118,0.881
2021-11-18,79.37,2.725,2.911,3.081,3.057,0.862
2021-11-19,80.32,2.724,2.942,3.097,3.063,0.874
2021-11-22,78.9,2.676,2.89,3.043,3.008,0.859
2021-11-23,79.4,2.631,2.93,3.085,3.044,0.881
2021-11-24,81.75,2.682,3.012,3.158,3.124,0.884
2021-11-29,74.2,2.397,2.677,2.811,2.782,0.778
2021-11-30,71.01,2.32,2.562,2.709,2.67,0.727
2021-12-01,71.67,2.227,2.862,2.956,2.916,1.061
2021-12-02,70.07,2.363,2.766,2.864,2.817,1.018
2021-12-03,71.65,2.629,2.616,2.723,2.698,0.887
2021-12-07,74.65,2.838,2.931,2.934,2.892,0.781
2021-12-08,75.13,2.672,2.84,2.883,2.826,0.59
2021-12-10,74.07,2.775,2.962,3.108,3.089,0.737
2021-12-13,75.04,2.456,2.709,2.869,2.834,0.719
2021-12-14,74.28,2.44,2.698,2.83,2.795,0.701
2021-12-15,73.12,2.43,2.687,2.809,2.777,0.686
2021-12-16,74.66,2.486,2.761,2.868,2.844,0.685
2021-12-17,74.23,2.467,2.737,2.839,2.815,0.653
2021-12-20,70.94,2.367,2.613,2.707,2.683,0.592
2021-12-21,72.18,2.399,2.661,2.75,2.726,0.602
2021-12-22,73.99,2.437,2.712,2.807,2.783,0.598
2021-12-23,75.16,2.457,2.745,2.859,2.833,0.584
2021-12-27,75.63,2.472,2.763,2.876,2.851,0.588
2021-12-28,77.39,2.537,2.814,2.938,2.913,0.642
2021-12-29,78.17,2.557,2.814,2.931,2.909,0.664
2021-12-30,78.33,2.539,2.763,2.875,2.853,0.669
2022-01-03,77.86,2.926,2.69,2.93,2.871,0.751
2022-01-04,78.78,2.217,2.806,3.941,3.837,1.093
2022-01-06,80.65,2.656,2.259,2.581,2.447,1.233
2022-01-07,82.0,2.858,2.47,2.883,2.744,1.145
2022-01-11,81.97,2.745,2.588,2.823,2.649,1.364
2022-01-12,84.19,2.695,2.685,2.926,2.762,1.242
2022-01-13,84.56,2.8,2.945,3.089,3.044,0.704
2022-01-14,85.3,2.824,2.923,3.072,3.025,0.712
2022-01-17,86.38,2.832,2.994,3.14,3.092,0.705
2022-01-18,87.93,2.92,3.1,3.255,3.204,0.721
2022-01-19,88.33,2.928,3.127,3.247,3.209,0.747
2022-01-20,88.39,2.905,3.06,3.18,3.142,0.747
2022-01-21,87.3,2.905,3.089,3.215,3.178,0.759
2022-01-24,87.83,2.978,3.071,3.179,3.16,0.806
2022-01-25,87.19,3.001,3.043,3.158,3.139,0.765
2022-01-26,89.18,3.05,2.99,3.221,3.171,0.787
2022-01-27,90.04,3.113,2.999,3.247,3.185,0.782
2022-01-28,89.97,3.088,3.027,3.309,3.253,0.789
2022-01-31,90.73,3.146,3.118,3.38,3.327,0.775
2022-02-02,89.94,3.211,3.127,3.372,3.312,0.791
2022-02-03,89.73,3.469,3.198,3.524,3.441,0.9
2022-02-08,91.92,2.987,2.82,3.157,3.02,1.258
2022-02-09,91.59,3.3,2.794,3.037,2.928,1.303
2022-02-11,92.61,3.162,2.966,3.209,3.016,1.555
2022-02-14,94.92,3.491,3.243,3.491,3.413,0.893
2022-02-15,94.48,3.445,3.199,3.425,3.348,0.889
2022-02-16,95.07,3.463,3.241,3.457,3.381,0.891
2022-02-17,93.78,3.465,3.173,3.387,3.307,0.859
2022-02-18,92.55,3.385,3.134,3.355,3.269,0.862
2022-02-21,94.04,3.384,3.138,3.346,3.257,0.875
2022-02-22,97.68,3.501,3.296,3.525,3.429,0.943
2022-02-23,95.84,3.585,3.395,3.651,3.565,0.971
2022-02-24,100.95,3.78,3.569,3.861,3.775,1.005
2022-02-25,96.41,3.542,3.354,3.624,3.553,0.948
2022-02-28,98.96,3.751,3.498,3.778,3.705,0.973
2022-03-01,103.7,3.344,3.707,3.85,3.821,0.886
2022-03-02,112.01,4.057,3.873,4.185,4.107,0.977
2022-03-03,116.87,4.887,4.497,5.116,4.973,1.312
2022-03-08,127.74,4.222,3.948,4.358,4.194,1.738
2022-03-10,117.04,4.235,3.576,3.948,3.782,1.737
2022-03-11,113.1,3.944,3.705,4.028,3.74,1.963
2022-03-14,110.48,4.076,4.491,6.179,5.98,1.414
2022-03-15,102.67,3.139,3.656,4.941,4.786,1.144
2022-03-16,103.87,3.716,4.39,6.261,6.077,1.441
2022-03-17,104.77,2.319,3.6,5.371,5.232,1.048
2022-03-18,108.93,2.585,4.092,6.475,6.296,1.299
2022-03-21,113.65,3.414,4.359,6.884,6.695,1.449
2022-03-22,114.44,4.107,5.772,8.475,8.237,1.942
2022-03-23,116.79,4.772,6.646,9.414,9.006,2.152
2022-03-24,118.72,5.335,7.02,10.099,9.644,2.401
2022-03-25,115.99,3.531,4.533,6.634,6.321,1.886
2022-03-28,113.39,3.234,4.179,6.108,5.916,1.64
2022-03-29,110.05,2.573,3.543,5.051,4.916,1.377
2022-03-30,110.46,2.387,3.619,4.963,4.842,1.339
2022-03-31,107.74,3.011,3.616,5.011,4.879,1.361
2022-04-01,104.93,3.435,3.827,3.979,3.949,0.916
2022-04-04,106.26,3.108,3.577,5.021,4.889,1.468
2022-04-05,108.08,4.408,2.91,4.468,4.076,1.91
2022-04-08,101.06,3.337,3.089,3.428,3.295,1.42
2022-04-11,100.08,3.408,3.227,3.486,3.242,1.609
2022-04-14,108.52,6.597,6.345,10.547,10.225,4.412
2022-04-18,110.54,5.452,4.725,7.046,6.831,3.309
2022-04-19,110.52,5.013,4.194,6.203,6.009,2.996
2022-04-20,107.97,4.791,3.518,5.257,5.086,2.64
2022-04-21,108.81,6.149,4.185,6.19,5.778,3.372
2022-04-22,107.66,6.21,4.154,6.2,5.821,3.325
2022-04-25,101.93,5.323,3.78,5.378,5.082,2.658
2022-04-26,102.94,4.137,3.183,4.66,4.432,2.056
2022-04-27,105.33,4.214,2.948,4.865,4.638,2.027
2022-04-28,105.3,4.549,2.976,4.821,4.602,1.988
2022-04-29,107.99,4.182,2.902,4.485,4.293,1.896
2022-05-04,110.73,3.292,3.837,5.522,5.383,1.779
2022-05-05,112.94,4.629,3.001,4.688,4.272,2.055
2022-05-09,112.38,3.971,3.413,3.685,3.526,1.556
2022-05-10,108.08,3.848,3.365,3.67,3.519,1.617
2022-05-12,109.2,3.56,3.563,3.866,3.66,1.599
2022-05-13,112.27,3.853,3.09,3.721,3.59,1.819
2022-05-16,112.98,3.771,3.19,3.682,3.558,1.812
2022-05-17,117.1,3.82,3.231,3.734,3.604,1.877
2022-05-18,114.84,3.782,3.206,3.707,3.581,1.775
2022-05-19,111.94,3.61,3.016,3.524,3.443,1.718
2022-05-20,114.69,3.687,3.161,3.712,3.623,1.805
2022-05-23,115.95,3.624,3.168,3.493,3.406,1.802
2022-05-24,114.96,3.523,3.182,3.549,3.464,1.721
2022-05-25,115.83,3.735,3.213,3.588,3.644,1.805
2022-05-26,116.5,3.694,3.317,3.724,3.734,1.791
2022-05-27,118.84,3.687,3.214,3.716,3.507,1.831
2022-05-31,122.94,3.952,3.385,3.907,3.688,1.908
2022-06-01,117.07,3.873,4.234,4.4,4.371,1.047
2022-06-06,119.85,3.921,3.42,3.901,3.698,1.746
2022-06-07,120.16,4.235,3.733,4.256,4.127,1.705
2022-06-09,123.21,4.333,3.648,4.078,3.849,1.716
2022-06-10,123.19,4.432,3.836,4.201,4.028,1.878
2022-06-13,120.66,4.213,3.803,4.345,4.132,1.841
2022-06-14,123.73,4.395,3.885,4.424,4.215,1.882
2022-06-15,121.07,4.199,3.726,4.241,4.042,1.791
2022-06-16,119.24,4.202,3.648,4.137,3.952,1.76
2022-06-17,118.97,4.25,3.556,4.081,3.911,1.744
2022-06-21,115.97,4.046,3.521,4.077,3.866,1.724
2022-06-22,111.0,3.857,3.325,3.86,3.662,1.595
2022-06-23,111.09,3.627,3.22,3.747,3.558,1.575
2022-06-24,112.35,3.739,3.276,3.814,3.638,1.475
2022-06-27,114.88,3.902,3.431,3.966,3.785,1.548
2022-06-28,117.55,3.993,3.474,4.068,3.888,1.559
2022-06-29,117.63,4.025,3.468,4.085,3.918,1.544
2022-06-30,115.6,3.954,3.518,4.105,3.902,1.569
2022-07-01,113.15,3.798,4.073,4.237,4.208,1.016
2022-07-04,115.25,4.006,4.354,6.328,6.176,2.335
2022-07-06,106.67,3.475,3.101,3.505,3.33,1.643
2022-07-07,105.25,3.712,3.256,3.694,3.584,1.432
2022-07-11,108.8,3.722,3.506,3.795,3.531,1.656
2022-07-12,106.81,3.53,3.431,3.764,3.562,1.563
2022-07-13,104.36,3.556,3.146,3.626,3.461,1.414
2022-07-14,102.61,3.483,3.088,3.562,3.399,1.397
2022-07-15,104.33,3.538,3.165,3.641,3.479,1.44
2022-07-18,108.7,3.772,3.35,3.835,3.67,1.53
2022-07-19,110.22,3.81,3.372,3.871,3.698,1.559
2022-07-20,109.87,3.77,3.422,3.884,3.714,1.612
2022-07-21,107.44,3.731,3.332,3.782,3.617,1.558
2022-07-22,107.6,3.698,3.384,3.772,3.608,1.531
2022-07-25,106.22,3.665,3.289,3.731,3.567,1.482
2022-07-26,109.3,3.676,3.414,3.863,3.695,1.485
2022-07-27,108.05,3.689,3.377,3.801,3.639,1.497
2022-07-28,110.79,3.644,3.454,3.86,3.702,1.592
2022-07-29,110.84,3.649,3.418,3.865,3.709,1.57
2022-08-02,104.86,3.791,3.697,3.945,3.873,0.924
2022-08-03,104.18,3.398,3.587,4.366,4.252,1.101
2022-08-04,101.19,3.481,3.644,5.393,5.265,2.006
2022-08-08,100.78,3.273,3.131,3.419,3.293,1.398
2022-08-09,100.92,3.625,3.08,3.392,3.236,1.506
2022-08-11,103.2,3.489,3.296,3.575,3.325,1.6
2022-08-12,103.83,3.429,3.368,3.667,3.47,1.51
2022-08-15,100.04,3.407,3.012,3.313,3.192,1.355
2022-08-16,97.44,3.335,2.857,3.209,3.092,1.332
2022-08-17,95.73,3.337,2.859,3.175,3.058,1.315
2022-08-18,98.22,3.392,2.872,3.211,3.051,1.356
2022-08-19,99.66,3.686,2.998,3.338,3.203,1.377
2022-08-22,98.72,3.616,3.022,3.264,3.158,1.341
2022-08-23,101.93,3.632,3.147,3.318,3.209,1.392
2022-08-24,104.05,3.488,3.084,3.329,3.217,1.418
2022-08-25,104.63,3.596,3.129,3.372,3.26,1.437
2022-08-26,103.89,3.474,3.095,3.325,3.199,1.438
2022-08-29,104.85,3.609,3.113,3.423,3.288,1.461
2022-08-30,106.41,3.58,3.065,3.345,3.217,1.439
2022-08-31,101.04,3.523,2.945,3.189,3.085,1.412
2022-09-02,99.13,3.56,3.486,3.725,3.657,0.865
2022-09-05,99.76,3.405,2.881,3.731,3.378,1.822
2022-09-06,98.95,3.367,3.073,3.463,3.288,1.516
2022-09-08,92.59,3.057,2.797,3.114,2.972,1.26
2022-09-09,95.2,3.408,2.833,3.134,2.991,1.415
2022-09-12,97.42,3.219,3.188,3.457,3.271,1.425
2022-09-13,98.38,3.536,2.873,3.196,3.058,1.416
2022-09-14,97.57,3.517,2.815,3.198,3.012,1.39
2022-09-15,97.3,3.54,2.81,3.215,3.038,1.408
2022-09-16,95.7,3.412,2.66,3.092,2.911,1.377
2022-09-19,95.2,3.379,2.614,3.025,2.852,1.366
2022-09-20,96.55,3.413,2.716,3.092,2.918,1.384
2022-09-21,96.31,3.473,2.737,3.116,2.944,1.405
2022-09-22,95.51,3.504,2.728,3.105,2.934,1.392
2022-09-23,92.67,3.375,2.643,3.028,2.886,1.382
2022-09-26,89.5,3.207,2.668,2.961,2.827,1.295
2022-09-27,89.81,3.264,2.69,3.025,2.886,1.314
2022-09-28,90.27,3.339,2.701,3.061,2.934,1.367
2022-09-29,92.76,3.444,2.803,3.109,2.994,1.391
2022-09-30,92.34,3.368,2.796,3.092,2.98,1.35
2022-10-03,90.69,2.492,3.011,3.753,3.652,1.037
2022-10-05,94.06,3.296,2.775,3.399,3.269,1.634
2022-10-06,95.81,3.286,3.021,3.41,3.237,1.449
2022-10-10,99.13,3.482,3.047,3.348,3.209,1.495
2022-10-11,96.03,3.203,3.051,3.322,3.064,1.524
2022-10-13,93.66,3.179,2.851,3.071,2.899,1.414
2022-10-14,94.17,3.207,2.832,3.081,2.911,1.395
2022-10-17,92.16,3.133,2.759,3.032,2.878,1.409
2022-10-18,90.82,3.067,2.721,2.992,2.837,1.389
2022-10-19,89.29,3.019,2.711,2.977,2.815,1.396
2022-10-20,92.48,3.161,2.837,3.122,2.961,1.465
2022-10-21,92.09,3.144,2.837,3.12,2.967,1.462
2022-10-24,92.17,3.16,2.87,3.182,3.012,1.51
2022-10-26,93.32,3.225,2.944,3.264,3.061,1.586
2022-10-27,94.73,3.295,3.017,3.329,3.121,1.635
2022-10-28,95.01,3.239,3.033,3.323,3.129,1.639
2022-10-31,93.17,3.22,2.968,3.24,3.054,1.574
2022-11-01,94.4,3.163,3.362,3.531,3.484,0.807
2022-11-02,94.71,3.449,3.259,3.502,3.437,0.842
2022-11-03,93.49,2.839,3.342,4.167,4.048,1.069
2022-11-04,96.12,3.346,3.642,5.315,5.187,1.941
2022-11-07,97.29,3.412,2.979,3.373,3.229,1.341
2022-11-08,95.96,3.238,2.879,3.212,3.094,1.315
2022-11-10,91.29,3.167,2.797,3.074,2.946,1.391
2022-11-11,94.81,3.138,2.934,3.241,3.003,1.458
2022-11-14,94.42,3.133,2.912,3.262,3.012,1.43
2022-11-15,91.16,2.971,2.85,3.177,2.981,1.334
2022-11-16,91.72,3.022,2.92,3.243,3.04,1.264
2022-11-17,90.52,2.98,2.938,3.193,2.987,1.272
2022-11-18,87.65,2.878,2.793,3.068,2.88,1.233
2022-11-21,84.18,2.774,2.698,2.969,2.78,1.158
2022-11-22,86.2,2.851,2.749,3.047,2.856,1.185
2022-11-23,85.19,2.755,2.685,2.961,2.798,1.233
2022-11-28,79.93,2.588,2.54,2.759,2.654,1.172
2022-11-29,83.42,2.706,2.653,2.88,2.77,1.237
2022-11-30,83.13,2.697,2.712,2.898,2.743,1.225
2022-12-01,84.28,2.821,2.938,3.079,3.046,0.712
2022-12-05,83.04,2.862,2.466,2.94,2.841,1.374
2022-12-07,77.01,2.661,2.367,2.672,2.56,1.06
2022-12-08,75.18,2.536,2.233,2.455,2.375,1.016
2022-12-09,74.66,2.674,2.146,2.381,2.274,1.096
2022-12-12,74.94,2.454,2.438,2.646,2.489,1.11
2022-12-14,79.97,2.661,2.594,2.84,2.677,1.211
2022-12-15,80.47,2.72,2.628,2.854,2.705,1.308
2022-12-16,78.73,2.64,2.563,2.793,2.636,1.163
2022-12-19,78.11,2.607,2.537,2.759,2.609,1.312
2022-12-20,78.13,2.622,2.53,2.79,2.633,1.319
2022-12-21,79.36,2.694,2.595,2.846,2.688,1.34
2022-12-22,81.14,2.737,2.634,2.893,2.735,1.363
2022-12-23,80.58,2.723,2.62,2.887,2.716,1.401
2022-12-27,82.23,2.819,2.656,2.891,2.744,1.476
2022-12-28,81.96,2.803,2.612,2.871,2.725,1.458
2022-12-29,80.39,2.73,2.555,2.841,2.656,1.461
2022-12-30,81.29,2.789,2.584,2.856,2.691,1.502
2023-01-03,82.05,2.926,2.542,2.811,2.623,1.439
2023-01-05,75.77,2.829,2.328,2.639,2.395,1.085
2023-01-06,76.15,2.75,2.314,2.68,2.396,1.152
2023-01-09,77.57,2.988,2.472,2.749,2.545,1.506
2023-01-13,81.86,2.813,2.569,2.838,2.667,1.576
2023-01-17,83.3,2.844,2.599,2.867,2.694,1.532
2023-01-18,84.62,2.916,2.651,2.927,2.75,1.557
2023-01-19,82.6,2.867,2.582,2.851,2.682,1.577
2023-01-20,84.9,2.956,2.708,2.941,2.762,1.637
2023-01-23,85.45,3.009,2.632,2.977,2.777,1.649
2023-01-24,84.89,2.971,2.632,2.967,2.754,1.682
2023-01-25,84.59,3.012,2.64,2.976,2.762,1.703
2023-01-26,84.47,2.969,2.639,2.978,2.769,1.617
2023-01-27,85.31,2.983,2.664,3.021,2.812,1.594
2023-01-30,83.45,2.903,2.6,2.947,2.723,1.451
2023-01-31,81.95,2.852,2.548,2.868,2.661,1.402
2023-02-02,80.48,2.724,2.488,2.796,2.591,1.409
2023-02-03,79.42,2.833,2.445,2.697,2.496,1.348
2023-02-06,78.25,2.799,2.364,2.737,2.449,1.187
2023-02-08,81.92,3.057,2.478,2.831,2.582,1.447
2023-02-10,83.62,2.968,2.743,3.012,2.867,1.883
2023-02-13,84.23,2.903,2.631,2.927,2.742,1.551
2023-02-14,84.37,2.885,2.609,2.932,2.744,1.571
2023-02-15,82.95,2.916,2.611,2.933,2.745,1.546
2023-02-16,83.76,2.908,2.61,2.915,2.732,1.476
2023-02-17,81.73,2.889,2.617,2.872,2.727,1.463
2023-02-21,81.94,2.861,2.615,2.864,2.722,1.453
2023-02-22,80.52,2.791,2.524,2.778,2.584,1.401
2023-02-23,80.53,2.854,2.531,2.785,2.586,1.423
2023-02-24,82.04,2.913,2.564,2.841,2.646,1.498
2023-02-27,81.64,2.957,2.573,2.848,2.647,1.525
2023-02-28,81.91,2.949,2.542,2.821,2.626,1.487
2023-03-01,82.59,2.83,2.581,2.869,2.703,1.512
2023-03-02,83.22,2.806,2.588,2.895,2.687,1.453
2023-03-03,83.82,2.999,2.535,2.825,2.612,1.393
2023-03-07,84.37,2.93,2.49,2.805,2.56,1.435
2023-03-08,82.12,3.127,2.478,2.865,2.605,1.551
2023-03-10,80.72,2.882,2.729,2.915,2.777,1.784
2023-03-13,81.88,3.12,2.518,2.801,2.576,1.327
2023-03-14,78.92,2.978,2.419,2.704,2.466,1.313
2023-03-15,76.22,2.82,2.289,2.581,2.351,1.222
2023-03-16,73.75,2.746,2.234,2.498,2.258,1.27
2023-03-17,74.11,2.622,2.25,2.528,2.32,1.229
2023-03-20,70.77,2.526,2.162,2.413,2.224,1.189
2023-03-21,73.96,2.725,2.268,2.558,2.337,1.286
2023-03-22,74.75,2.758,2.314,2.557,2.342,1.266
2023-03-23,75.88,2.833,2.348,2.606,2.377,1.34
2023-03-24,74.6,2.71,2.258,2.537,2.316,1.267
2023-03-27,75.01,2.751,2.259,2.536,2.315,1.26
2023-03-28,77.63,2.86,2.341,2.635,2.414,1.346
2023-03-29,77.72,2.926,2.372,2.674,2.448,1.284
2023-03-30,77.53,2.899,2.358,2.648,2.43,1.326
2023-03-31,78.12,2.968,2.42,2.714,2.484,1.499
2023-04-04,85.5,3.175,2.639,2.969,2.726,1.444
2023-04-05,85.49,3.2,2.656,3.033,2.763,1.22
2023-04-10,85.5,3.013,2.829,3.109,2.935,1.857
2023-04-13,87.77,3.247,2.722,3.019,2.777,1.24
2023-04-14,86.8,3.207,2.685,2.993,2.748,1.231
2023-04-17,86.43,3.184,2.67,2.976,2.736,1.226
2023-04-18,85.51,3.141,2.642,2.95,2.705,1.156
2023-04-19,84.41,3.08,2.602,2.924,2.674,1.184
2023-04-20,82.42,3.012,2.562,2.875,2.628,1.157
2023-04-21,81.86,2.978,2.528,2.837,2.595,1.143
2023-04-24,82.3,2.97,2.553,2.866,2.622,1.145
2023-04-25,82.95,3.019,2.577,2.895,2.646,1.147
2023-04-26,81.12,2.977,2.52,2.827,2.586,1.316
2023-04-27,78.4,2.887,2.398,2.716,2.48,1.248
2023-04-28,79.98,2.977,2.446,2.78,2.522,1.246
2023-05-01,80.1,2.784,2.516,2.795,2.622,1.525
2023-05-04,73.3,2.753,2.277,2.564,2.347,1.202
2023-05-05,74.31,2.79,2.302,2.648,2.405,1.059
2023-05-09,76.32,2.961,2.467,2.73,2.528,1.51
2023-05-10,76.62,2.698,2.519,2.768,2.607,1.7
2023-05-15,74.45,2.811,2.297,2.672,2.426,1.031
2023-05-16,75.22,2.873,2.341,2.724,2.462,1.054
2023-05-17,74.6,2.843,2.356,2.729,2.462,1.085
2023-05-18,76.06,2.854,2.361,2.767,2.495,1.13
2023-05-19,75.71,2.814,2.326,2.733,2.469,1.099
2023-05-22,75.24,2.739,2.309,2.674,2.413,1.093
2023-05-23,75.96,2.747,2.307,2.673,2.41,1.12
2023-05-24,77.49,2.843,2.366,2.748,2.492,1.145
2023-05-25,76.94,2.808,2.346,2.724,2.472,1.162
2023-05-26,76.25,2.79,2.326,2.698,2.445,1.164
2023-05-30,75.19,2.736,2.292,2.655,2.407,1.133
2023-05-31,73.07,2.63,2.227,2.576,2.304,1.116
2023-06-01,72.79,2.486,2.266,2.52,2.363,1.409
2023-06-02,73.33,2.44,2.268,2.54,2.358,1.262
2023-06-06,75.46,2.706,2.295,2.65,2.375,1.155
2023-06-07,76.03,2.634,2.224,2.527,2.297,1.295
2023-06-09,75.85,2.904,2.429,2.703,2.499,1.509
2023-06-13,73.06,2.489,2.163,2.467,2.209,1.101
2023-06-14,74.84,2.515,2.191,2.503,2.239,1.128
2023-06-15,74.2,2.517,2.193,2.481,2.223,1.153
2023-06-16,75.89,2.594,2.27,2.544,2.282,1.167
2023-06-20,76.85,2.589,2.279,2.549,2.291,1.18
2023-06-21,77.24,2.659,2.347,2.616,2.353,1.2
2023-06-22,76.83,2.708,2.343,2.607,2.404,1.224
2023-06-23,74.14,2.597,2.213,2.517,2.321,1.198
2023-06-26,74.65,2.565,2.177,2.481,2.262,1.203
2023-06-27,75.15,2.576,2.222,2.508,2.283,1.226
2023-06-28,74.38,2.586,2.203,2.493,2.271,1.216
2023-06-29,74.34,2.569,2.19,2.472,2.251,1.213
2023-06-30,76.14,2.594,2.205,2.496,2.275,1.284
2023-07-06,77.56,2.752,2.321,2.713,2.43,1.193
2023-07-07,78.43,2.761,2.321,2.63,2.395,1.334
2023-07-13,81.53,2.936,2.443,2.741,2.52,1.409
2023-07-14,82.06,2.955,2.454,2.769,2.54,1.452
2023-07-17,80.05,2.877,2.393,2.697,2.473,1.415
2023-07-18,80.33,2.936,2.429,2.758,2.516,1.457
2023-07-19,81.46,2.977,2.569,2.804,2.559,1.444
2023-07-20,81.28,2.947,2.447,2.772,2.536,1.417
2023-07-21,81.99,2.959,2.465,2.78,2.547,1.418
2023-07-24,83.19,3.035,2.503,2.825,2.589,1.441
2023-07-25,84.64,3.129,2.581,2.909,2.668,1.47
2023-07-26,84.82,3.152,2.584,2.92,2.671,1.487
2023-07-27,84.88,3.109,2.564,2.901,2.654,1.467
2023-07-28,85.37,3.136,2.587,2.92,2.675,1.458
2023-07-31,86.45,3.172,2.603,2.946,2.731,1.51
2023-08-02,86.69,2.855,2.661,2.981,2.793,1.456
2023-08-03,85.5,3.126,2.627,2.922,2.7,1.426
2023-08-08,87.61,3.421,2.711,3.094,2.802,1.639
2023-08-09,88.2,3.372,2.813,3.137,2.899,1.768
2023-08-14,88.66,3.375,2.694,3.077,2.779,1.693
2023-08-15,87.82,3.323,2.688,3.07,2.77,1.701
2023-08-16,86.96,3.278,2.68,3.063,2.763,1.701
2023-08-17,86.17,3.214,2.641,3.031,2.725,1.736
2023-08-18,86.46,3.25,2.67,3.074,2.759,1.738
2023-08-21,87.58,3.249,2.662,3.069,2.742,1.764
2023-08-22,86.51,3.202,2.681,3.025,2.719,1.667
2023-08-23,85.84,3.179,2.694,3.021,2.726,1.629
2023-08-24,85.71,3.295,2.704,3.039,2.79,1.589
2023-08-25,86.89,3.351,2.73,3.081,2.825,1.661
2023-08-28,87.1,3.325,2.734,3.066,2.81,1.656
2023-08-29,87.09,3.354,2.773,3.094,2.838,1.645
2023-08-30,87.76,3.382,2.833,3.156,2.908,1.701
2023-08-31,88.44,3.406,2.826,3.142,2.905,1.741
2023-09-01,89.66,3.075,2.842,3.096,2.91,1.632
2023-09-05,91.44,3.441,2.85,3.306,2.995,1.285
2023-09-06,92.3,3.204,2.724,3.169,2.826,1.425
2023-09-08,92.84,3.569,2.838,3.255,2.942,1.723
2023-09-13,95.1,3.577,3.047,3.351,3.104,1.943
2023-09-14,95.7,3.514,3.055,3.346,3.1,1.976
2023-09-15,96.87,3.523,3.099,3.393,3.145,2.035
2023-09-18,96.93,3.541,3.125,3.414,3.164,2.069
2023-09-19,97.0,3.533,3.124,3.441,3.184,2.098
2023-09-20,95.82,3.466,3.108,3.413,3.194,2.071
2023-09-21,95.01,3.35,3.042,3.337,3.125,2.013
2023-09-22,95.73,3.391,3.078,3.37,3.168,2.006
2023-09-25,95.31,3.344,3.073,3.354,3.155,1.98
2023-09-26,94.47,3.278,3.042,3.304,3.135,1.97
2023-09-27,97.08,3.336,3.115,3.379,3.205,2.121
2023-09-28,97.48,3.408,3.172,3.453,3.284,2.14
2023-09-29,96.35,3.401,3.242,3.453,3.286,2.126
2023-10-02,95.02,3.265,2.969,3.309,3.096,1.634
2023-10-03,93.59,3.628,2.888,3.213,2.967,1.531
2023-10-04,92.38,3.488,2.888,3.228,2.952,1.459
2023-10-05,88.54,3.353,2.794,3.211,2.91,1.244
2023-10-10,90.8,3.207,2.99,3.275,3.1,1.907
2023-10-13,91.62,3.245,3.055,3.349,3.165,1.887
2023-10-16,93.23,3.35,3.071,3.368,3.169,1.93
2023-10-17,92.65,3.321,2.973,3.298,3.102,1.919
2023-10-18,94.46,3.339,3.032,3.352,3.16,1.946
2023-10-19,93.63,3.303,3.002,3.314,3.127,1.902
2023-10-20,95.72,3.389,3.082,3.407,3.219,1.975
2023-10-23,94.29,3.298,2.966,3.281,3.097,1.905
2023-10-24,91.29,3.214,2.885,3.19,3.013,1.709
2023-10-25,90.83,3.16,2.853,3.138,2.971,1.705
2023-10-26,91.68,3.199,2.897,3.195,3.02,1.741
2023-10-27,91.6,3.204,2.899,3.194,3.007,1.731
2023-10-30,91.1,3.183,2.867,3.12,2.938,1.735
2023-10-31,90.06,3.072,2.834,3.093,2.912,1.706
2023-11-01,88.54,3.039,2.805,3.075,2.915,1.662
